"FIPS code","State","County Name","Total: Disability Compensation Recipients","SCD rating: 0% to 20%","SCD rating: 30% to 40%","SCD rating: 50% to 60%","SCD rating: 70% to 90%","SCD rating: 100%","Age: 17-44","Age: 45-64","Age: 65 or older","Male","Female"
"01001","Alabama","Autauga","2,949","420","250","346","924","1,009","763","1,278","908","2,382","567"
"01003","Alabama","Baldwin","7,650","1,590","780","909","2,249","2,122","1,698","2,591","3,360","6,905","745"
"01005","Alabama","Barbour","646","102","48","75","207","214","108","240","298","564","82"
"01007","Alabama","Bibb","324","52","37","37","115","83","70","118","136","298","26"
"01009","Alabama","Blount","1,088","182","132","146","342","286","288","326","474","1,011","77"
"01011","Alabama","Bullock","223","36","21","32","58","76","51","73","99","190","33"
"01013","Alabama","Butler","501","89","45","52","141","174","86","193","222","440","61"
"01015","Alabama","Calhoun","3,669","604","361","400","1,174","1,130","660","1,221","1,788","3,211","457"
"01017","Alabama","Chambers","811","149","71","78","271","242","162","267","382","742","69"
"01019","Alabama","Cherokee","576","119","61","66","174","156","98","171","307","524","52"
"01021","Alabama","Chilton","925","162","76","104","285","298","234","310","381","826","99"
"01023","Alabama","Choctaw","284","48","31","32","87","86","47","110","127","240","44"
"01025","Alabama","Clarke","557","116","55","53","180","153","80","228","249","489","68"
"01027","Alabama","Clay","303","48","27","40","105","83","61","103","139","287","16"
"01029","Alabama","Cleburne","246","44","19","35","74","74","44","74","128","228","18"
"01031","Alabama","Coffee","4,257","495","344","415","1,221","1,782","1,052","1,930","1,275","3,623","634"
"01033","Alabama","Colbert","1,357","241","139","152","436","389","269","438","650","1,244","112"
"01035","Alabama","Conecuh","376","65","24","38","134","115","68","139","169","330","46"
"01037","Alabama","Coosa","332","54","32","47","94","105","66","103","163","287","45"
"01039","Alabama","Covington","1,097","222","109","144","348","274","230","329","538","979","118"
"01041","Alabama","Crenshaw","361","66","33","56","96","110","66","134","161","321","40"
"01043","Alabama","Cullman","1,828","312","215","194","557","550","538","592","698","1,657","171"
"01045","Alabama","Dale","2,975","433","285","338","879","1,040","645","1,130","1,200","2,507","468"
"01047","Alabama","Dallas","881","159","86","98","272","266","150","318","413","724","157"
"01049","Alabama","DeKalb","1,092","196","125","124","352","295","282","328","482","992","100"
"01051","Alabama","Elmore","3,795","535","352","456","1,138","1,314","859","1,614","1,322","3,162","633"
"01053","Alabama","Escambia","843","169","99","103","249","223","141","297","405","744","99"
"01055","Alabama","Etowah","2,401","460","250","287","780","624","503","752","1,146","2,188","211"
"01057","Alabama","Fayette","362","48","40","43","121","110","93","127","142","327","35"
"01059","Alabama","Franklin","391","56","50","49","123","113","102","124","165","357","33"
"01061","Alabama","Geneva","1,063","179","97","116","343","328","209","410","444","954","108"
"01063","Alabama","Greene","166","21","13","14","64","54","18","53","95","138","28"
"01065","Alabama","Hale","299","38","30","38","83","110","50","113","136","258","41"
"01067","Alabama","Henry","598","87","64","57","173","217","129","241","228","541","57"
"01069","Alabama","Houston","3,679","530","323","385","1,086","1,355","895","1,416","1,368","3,229","450"
"01071","Alabama","Jackson","989","168","104","119","294","304","229","315","445","905","84"
"01073","Alabama","Jefferson","11,464","1,966","1,169","1,352","3,466","3,511","2,490","4,007","4,967","9,711","1,751"
"01075","Alabama","Lamar","267","34","34","42","83","74","49","91","127","253","14"
"01077","Alabama","Lauderdale","2,074","394","223","225","628","604","472","620","982","1,886","188"
"01079","Alabama","Lawrence","540","100","56","56","177","151","118","179","243","505","35"
"01081","Alabama","Lee","5,822","687","388","530","1,638","2,579","1,672","2,490","1,660","4,955","866"
"01083","Alabama","Limestone","4,576","595","398","453","1,304","1,826","1,254","2,094","1,228","3,898","678"
"01085","Alabama","Lowndes","329","40","25","35","104","125","78","123","127","264","64"
"01087","Alabama","Macon","612","75","57","53","194","233","92","202","318","541","71"
"01089","Alabama","Madison","18,829","2,569","1,738","2,058","5,225","7,239","5,031","8,374","5,424","15,799","3,029"
"01091","Alabama","Marengo","454","70","36","45","158","145","88","178","188","380","74"
"01093","Alabama","Marion","529","75","53","65","176","160","120","184","225","495","34"
"01095","Alabama","Marshall","2,185","356","226","274","663","666","523","735","927","1,989","196"
"01097","Alabama","Mobile","10,124","2,207","1,068","1,296","2,922","2,631","2,172","3,589","4,363","8,848","1,273"
"01099","Alabama","Monroe","507","94","50","62","155","146","110","183","214","441","66"
"01101","Alabama","Montgomery","8,643","1,247","803","873","2,594","3,126","1,862","3,399","3,382","6,616","2,027"
"01103","Alabama","Morgan","2,612","460","303","334","781","734","705","908","999","2,337","275"
"01105","Alabama","Perry","213","33","14","19","63","84","31","92","90","190","23"
"01107","Alabama","Pickens","409","53","30","44","144","138","81","155","173","360","49"
"01109","Alabama","Pike","838","128","78","113","278","241","163","332","343","727","111"
"01111","Alabama","Randolph","507","107","56","61","143","140","87","153","267","456","51"
"01113","Alabama","Russell","4,239","350","234","302","1,176","2,177","1,271","1,944","1,024","3,321","918"
"01115","Alabama","St. Clair","2,139","415","219","253","613","639","550","712","877","1,902","237"
"01117","Alabama","Shelby","4,390","855","410","502","1,234","1,389","1,180","1,669","1,541","3,824","565"
"01119","Alabama","Sumter","208","23","24","23","77","61","29","86","93","178","30"
"01121","Alabama","Talladega","1,949","363","189","214","622","561","397","697","855","1,714","235"
"01123","Alabama","Tallapoosa","1,140","192","93","135","359","361","181","366","593","1,035","105"
"01125","Alabama","Tuscaloosa","4,150","584","383","417","1,373","1,393","1,048","1,525","1,577","3,523","627"
"01127","Alabama","Walker","1,287","234","125","185","401","342","273","417","597","1,187","100"
"01129","Alabama","Washington","383","83","45","41","117","97","63","123","197","357","26"
"01131","Alabama","Wilcox","179","30","24","23","53","49","30","69","80","155","24"
"01133","Alabama","Winston","481","102","38","57","150","134","92","174","215","452","28"
"02013","Alaska","Aleutians East",,,,,,,,,,,
"02016","Alaska","Aleutians West","28",,,,,,"11",,,,
"02020","Alaska","Anchorage","11,012","1,976","1,311","1,565","3,323","2,837","3,693","4,190","3,129","9,250","1,761"
"02050","Alaska","Bethel","93","33","19","10","20","11","19","49","25","82","11"
"02060","Alaska","Bristol Bay","22",,,,,,,,"11",,
"02063","Alaska","Chugach","129","37","24","10","40","18","30","59","40","116","13"
"02066","Alaska","Copper River","82","32",,,"17","14",,,"49",,
"02068","Alaska","Denali","71","17",,"14","22",,"27","28","16",,
"02070","Alaska","Dillingham","43","18",,,,,,"18",,,
"02090","Alaska","Fairbanks North Star","4,671","725","546","591","1,505","1,304","1,907","1,837","927","3,928","742"
"02100","Alaska","Haines","46",,,"11","13","11","10","12","24",,
"02105","Alaska","Hoonah-Angoon","34","15",,,,,,,"23",,
"02110","Alaska","Juneau","579","140","94","60","158","127","163","250","166","521","58"
"02122","Alaska","Kenai Peninsula","1,830","424","196","215","534","461","393","619","818","1,639","191"
"02130","Alaska","Ketchikan Gateway","235","54","31","42","62","46","55","92","88","210","25"
"02150","Alaska","Kodiak Island","361","67","36","38","108","112","114","159","88","318","43"
"02158","Alaska","Kusilvak","35","18",,,,,,,"19",,
"02164","Alaska","Lake and Peninsula","14",,,,,,,,,,
"02170","Alaska","Matanuska-Susitna","5,752","858","575","744","1,763","1,812","2,000","2,349","1,403","4,921","831"
"02180","Alaska","Nome","50","14",,,"12",,"13","17","20",,
"02185","Alaska","North Slope","18",,,,,,,,,,
"02188","Alaska","Northwest Arctic","24","12",,,,,,,"13",,
"02195","Alaska","Petersburg","56","12",,,"18","11","15","20","21",,
"02198","Alaska","Prince of Wales-Hyder","145","48","17","13","37","30","30","41","74","135","10"
"02220","Alaska","Sitka","140","32","22","17","44","25","31","52","57","126","14"
"02230","Alaska","Skagway","16",,,,,,,,,,
"02240","Alaska","Southeast Fairbanks","369","69","34","60","118","88","110","158","101","324","45"
"02275","Alaska","Wrangell","46","13",,,"11",,"10","13","23",,
"02282","Alaska","Yakutat","13",,,,,,,,,,
"02290","Alaska","Yukon-Koyukuk","65","14",,,"16","14","10","32","23",,
"04001","Arizona","Apache","1,151","218","127","140","349","317","231","310","610","1,008","143"
"04003","Arizona","Cochise","8,672","1,426","961","1,044","2,535","2,706","1,769","3,345","3,558","7,318","1,353"
"04005","Arizona","Coconino","2,150","487","260","280","619","504","768","629","753","1,870","280"
"04007","Arizona","Gila","1,320","335","145","142","369","329","166","293","861","1,211","109"
"04009","Arizona","Graham","508","123","72","60","143","110","120","166","222","472","36"
"04011","Arizona","Greenlee","121","30","14","25","34","18","34","29","58","111","10"
"04012","Arizona","La Paz","588","138","69","80","179","122","51","115","422","550","38"
"04013","Arizona","Maricopa","78,855","15,671","8,682","9,424","23,392","21,686","27,387","24,618","26,850","69,155","9,696"
"04015","Arizona","Mohave","6,819","1,412","740","771","1,994","1,902","1,087","1,650","4,082","6,265","553"
"04017","Arizona","Navajo","2,121","462","210","251","657","541","465","622","1,034","1,893","228"
"04019","Arizona","Pima","28,920","5,792","3,405","3,578","8,450","7,695","7,856","9,761","11,303","24,971","3,942"
"04021","Arizona","Pinal","12,664","2,510","1,371","1,498","3,904","3,381","3,935","3,638","5,091","11,171","1,491"
"04023","Arizona","Santa Cruz","695","127","63","95","214","196","193","241","261","625","70"
"04025","Arizona","Yavapai","8,155","1,823","932","954","2,202","2,244","1,545","1,958","4,652","7,399","756"
"04027","Arizona","Yuma","6,324","1,052","669","715","1,923","1,965","2,156","1,976","2,192","5,671","651"
"05001","Arkansas","Arkansas","247","35","28","32","83","69","41","90","116","230","17"
"05003","Arkansas","Ashley","348","50","36","36","117","109","57","115","176","320","28"
"05005","Arkansas","Baxter","1,407","223","138","158","444","444","244","419","744","1,273","134"
"05007","Arkansas","Benton","5,517","997","563","678","1,751","1,528","1,856","1,805","1,856","4,917","600"
"05009","Arkansas","Boone","880","141","95","90","305","249","218","279","383","815","65"
"05011","Arkansas","Bradley","140","15","15","12","53","45","18","54","68","128","12"
"05013","Arkansas","Calhoun","92",,,"15","38","21","19","38","35","76","16"
"05015","Arkansas","Carroll","602","115","62","91","186","148","102","183","317","554","48"
"05017","Arkansas","Chicot","187","26","12","20","75","54","18","69","100","170","17"
"05019","Arkansas","Clark","366","63","39","44","119","101","80","105","181","337","29"
"05021","Arkansas","Clay","283","53","37","36","82","75","52","91","140","267","16"
"05023","Arkansas","Cleburne","791","103","87","86","262","253","132","248","411","712","79"
"05025","Arkansas","Cleveland","148","23","16","13","52","44","26","48","74","132","16"
"05027","Arkansas","Columbia","326","51","33","46","97","99","77","95","154","281","45"
"05029","Arkansas","Conway","469","76","40","46","164","143","88","179","202","421","48"
"05031","Arkansas","Craighead","1,674","286","134","207","517","530","498","516","660","1,530","144"
"05033","Arkansas","Crawford","1,521","225","138","188","532","438","367","543","611","1,370","151"
"05035","Arkansas","Crittenden","839","155","84","107","264","229","182","306","351","725","114"
"05037","Arkansas","Cross","267","39","24","34","90","80","61","100","106","245","21"
"05039","Arkansas","Dallas","112","25","10","12","35","30","19","39","54","100","12"
"05041","Arkansas","Desha","173","18","15","28","62","50","33","62","78","150","22"
"05043","Arkansas","Drew","303","38","31","34","106","94","65","100","138","270","33"
"05045","Arkansas","Faulkner","2,885","439","279","347","948","872","825","1,083","977","2,569","316"
"05047","Arkansas","Franklin","428","72","28","54","139","135","98","150","180","398","30"
"05049","Arkansas","Fulton","436","94","42","48","135","117","80","144","212","405","31"
"05051","Arkansas","Garland","2,395","459","244","299","751","642","453","806","1,136","2,131","264"
"05053","Arkansas","Grant","434","64","44","42","162","122","124","166","144","384","50"
"05055","Arkansas","Greene","920","125","94","105","306","290","208","282","430","875","45"
"05057","Arkansas","Hempstead","285","58","28","45","99","55","51","89","145","253","32"
"05059","Arkansas","Hot Spring","688","101","69","84","243","191","146","248","294","635","53"
"05061","Arkansas","Howard","178","38","28","16","49","47","30","64","84","158","20"
"05063","Arkansas","Independence","755","118","82","89","236","230","166","236","353","701","54"
"05065","Arkansas","Izard","430","70","39","56","134","131","88","135","207","395","35"
"05067","Arkansas","Jackson","202","38","11","25","65","63","45","63","94",,
"05069","Arkansas","Jefferson","1,550","213","120","166","537","514","237","579","734","1,361","189"
"05071","Arkansas","Johnson","542","88","69","60","171","154","128","190","224","498","44"
"05073","Arkansas","Lafayette","113","21","19","12","33","28","18","33","62",,
"05075","Arkansas","Lawrence","278","48","36","42","82","70","67","83","128","256","22"
"05077","Arkansas","Lee","92","15","11","11","30","25","13","29","50",,
"05079","Arkansas","Lincoln","188","37","26","16","67","42","42","58","88","167","21"
"05081","Arkansas","Little River","244","50","24","26","76","68","60","70","114","219","25"
"05083","Arkansas","Logan","529","77","49","71","179","153","120","186","223","489","40"
"05085","Arkansas","Lonoke","3,598","455","319","416","1,227","1,181","1,004","1,571","1,023","3,122","476"
"05087","Arkansas","Madison","375","54","34","41","137","109","98","124","153","350","25"
"05089","Arkansas","Marion","582","105","57","56","177","187","113","171","298","525","57"
"05091","Arkansas","Miller","836","153","84","100","271","228","193","284","359","740","96"
"05093","Arkansas","Mississippi","589","111","67","76","192","143","86","200","303","537","52"
"05095","Arkansas","Monroe","134","18","10","22","49","35","20","36","78","120","14"
"05097","Arkansas","Montgomery","223","39","16","30","80","58","32","68","123","204","19"
"05099","Arkansas","Nevada","168","26","17","17","58","50","32","71","65","148","20"
"05101","Arkansas","Newton","161","24","11","20","57","49","32","48","81","140","21"
"05103","Arkansas","Ouachita","511","72","43","57","171","168","92","174","245","466","45"
"05105","Arkansas","Perry","251","27","27","32","92","73","40","97","114","231","20"
"05107","Arkansas","Phillips","233","45","31","22","70","65","34","85","114","207","26"
"05109","Arkansas","Pike","181","25","20","27","52","57","32","61","88","168","13"
"05111","Arkansas","Poinsett","368","76","37","36","113","106","84","115","169","345","23"
"05113","Arkansas","Polk","598","110","58","74","197","159","132","183","283","542","56"
"05115","Arkansas","Pope","1,305","227","158","173","398","349","356","413","536","1,183","122"
"05117","Arkansas","Prairie","161","31","15","15","53","47","24","56","81","150","11"
"05119","Arkansas","Pulaski","11,096","1,646","1,130","1,252","3,632","3,436","2,591","4,069","4,436","9,247","1,846"
"05121","Arkansas","Randolph","439","70","43","56","127","143","82","146","211","408","31"
"05123","Arkansas","St. Francis","383","74","41","45","117","106","39","137","207","347","36"
"05125","Arkansas","Saline","3,352","534","344","416","1,005","1,053","841","1,277","1,234","2,918","434"
"05127","Arkansas","Scott","223","35","25","26","67","70","47","76","100","202","21"
"05129","Arkansas","Searcy","243","35","23","29","82","74","44","83","116","216","27"
"05131","Arkansas","Sebastian","2,860","469","290","364","927","810","711","1,023","1,126","2,593","267"
"05133","Arkansas","Sevier","212","41","30","21","75","45","48","68","96","198","14"
"05135","Arkansas","Sharp","618","98","58","70","208","184","100","217","301","549","69"
"05137","Arkansas","Stone","343","43","28","37","123","112","52","117","174","300","43"
"05139","Arkansas","Union","637","113","65","80","182","197","120","209","308","574","63"
"05141","Arkansas","Van Buren","521","80","67","70","156","148","83","160","278","466","55"
"05143","Arkansas","Washington","3,958","692","416","479","1,204","1,167","1,310","1,317","1,331","3,506","452"
"05145","Arkansas","White","2,065","315","201","252","679","618","484","761","820","1,848","217"
"05147","Arkansas","Woodruff","106","16",,,"37","31","16","32","58",,
"05149","Arkansas","Yell","395","56","49","53","129","108","80","138","177","352","43"
"06001","California","Alameda","10,203","2,196","1,143","1,238","2,911","2,715","3,321","2,698","4,184","9,039","1,162"
"06003","California","Alpine","14",,,,,,,,,,
"06005","California","Amador","1,074","316","122","113","290","233","208","264","602","1,001","73"
"06007","California","Butte","3,769","838","442","448","1,144","897","1,164","883","1,722","3,410","359"
"06009","California","Calaveras","1,205","287","127","144","335","312","261","274","670","1,090","114"
"06011","California","Colusa","247","86","27","22","69","43","71","52","124","224","23"
"06013","California","Contra Costa","11,188","2,635","1,172","1,201","2,966","3,214","3,098","3,203","4,887","10,087","1,095"
"06015","California","Del Norte","591","153","68","69","167","134","134","163","294","541","50"
"06017","California","El Dorado","3,767","1,024","422","406","1,032","883","882","961","1,924","3,437","330"
"06019","California","Fresno","12,882","3,248","1,250","1,455","3,856","3,073","4,153","3,353","5,376","11,773","1,109"
"06021","California","Glenn","333","84","38","37","110","64","96","68","169","306","27"
"06023","California","Humboldt","2,032","489","214","196","640","493","495","480","1,057","1,845","187"
"06025","California","Imperial","2,544","495","243","279","780","747","930","917","697","2,379","165"
"06027","California","Inyo","294","67","38","38","82","69","69","63","162","271","23"
"06029","California","Kern","13,536","2,885","1,356","1,643","4,169","3,483","4,976","4,025","4,535","12,141","1,391"
"06031","California","Kings","4,195","907","399","455","1,261","1,173","1,516","1,450","1,229","3,578","617"
"06033","California","Lake","1,517","328","171","160","407","451","241","327","949","1,412","105"
"06035","California","Lassen","741","206","80","86","194","175","222","229","290","682","59"
"06037","California","Los Angeles","73,230","14,766","6,642","7,628","23,053","21,141","27,690","21,670","23,870","65,647","7,568"
"06039","California","Madera","2,600","638","291","298","761","612","788","628","1,184","2,345","255"
"06041","California","Marin","1,711","472","204","194","391","450","299","387","1,025","1,586","124"
"06043","California","Mariposa","430","131","45","46","117","91","93","81","256","397","33"
"06045","California","Mendocino","1,349","370","113","114","416","336","211","297","841","1,261","88"
"06047","California","Merced","3,020","750","297","360","933","680","1,018","676","1,326","2,750","270"
"06049","California","Modoc","201","45","27","18","59","52","37","55","109","190","11"
"06051","California","Mono","157","34","12","14","56","41","66","40","51","131","26"
"06053","California","Monterey","5,683","1,125","645","678","1,729","1,506","1,430","1,692","2,561","4,995","688"
"06055","California","Napa","2,035","576","205","208","491","555","378","447","1,210","1,890","145"
"06057","California","Nevada","2,146","577","226","227","590","526","439","508","1,199","1,953","192"
"06059","California","Orange","26,492","5,855","2,774","2,848","7,742","7,273","9,919","7,279","9,294","24,239","2,249"
"06061","California","Placer","8,796","2,028","985","1,005","2,458","2,320","2,508","2,562","3,726","7,946","847"
"06063","California","Plumas","489","156","52","47","135","99","75","108","306","463","26"
"06065","California","Riverside","50,395","8,265","3,947","4,573","14,001","19,609","17,234","17,382","15,779","44,647","5,739"
"06067","California","Sacramento","22,835","4,960","2,630","2,602","6,706","5,937","7,077","6,618","9,140","20,000","2,832"
"06069","California","San Benito","892","161","79","102","290","260","304","237","351","819","73"
"06071","California","San Bernardino","32,294","6,095","2,940","3,268","9,875","10,116","11,939","9,483","10,872","28,898","3,393"
"06073","California","San Diego","98,159","15,874","9,364","10,303","27,264","35,354","37,669","33,812","26,678","84,275","13,882"
"06075","California","San Francisco","4,333","903","431","420","1,259","1,320","1,628","1,146","1,559","3,816","515"
"06077","California","San Joaquin","9,131","1,843","906","1,060","2,745","2,577","2,791","2,658","3,682","8,215","916"
"06079","California","San Luis Obispo","4,461","1,236","507","499","1,132","1,087","1,022","1,157","2,282","4,086","373"
"06081","California","San Mateo","4,240","933","442","449","1,141","1,275","1,327","1,150","1,763","3,849","390"
"06083","California","Santa Barbara","6,034","1,386","640","655","1,695","1,658","1,808","1,727","2,499","5,394","639"
"06085","California","Santa Clara","9,813","2,064","1,090","1,146","2,887","2,626","3,335","2,499","3,979","8,915","898"
"06087","California","Santa Cruz","2,230","440","206","296","698","590","492","519","1,219","2,061","168"
"06089","California","Shasta","4,575","1,014","508","574","1,359","1,120","1,167","1,110","2,298","4,139","436"
"06091","California","Sierra","67","18","10","10","17","12","11","12","44",,
"06093","California","Siskiyou","1,006","270","119","136","265","216","187","256","563","931","75"
"06095","California","Solano","13,981","2,828","1,450","1,529","3,744","4,430","3,227","4,420","6,333","12,062","1,918"
"06097","California","Sonoma","5,304","1,331","531","531","1,456","1,455","1,222","1,272","2,810","4,784","519"
"06099","California","Stanislaus","6,048","1,382","639","700","1,852","1,475","2,002","1,478","2,568","5,516","532"
"06101","California","Sutter","1,890","420","216","207","574","473","546","553","791","1,680","210"
"06103","California","Tehama","1,369","357","154","149","383","326","325","320","724","1,250","119"
"06105","California","Trinity","339","99","42","29","80","89","54","74","211","315","24"
"06107","California","Tulare","5,929","1,657","620","713","1,727","1,212","1,935","1,546","2,448","5,478","450"
"06109","California","Tuolumne","1,173","271","127","138","348","289","270","271","632","1,086","87"
"06111","California","Ventura","12,095","2,437","1,168","1,285","3,474","3,731","3,836","3,663","4,596","10,923","1,170"
"06113","California","Yolo","2,563","674","273","305","686","625","792","769","1,002","2,245","318"
"06115","California","Yuba","2,546","455","262","281","813","735","937","799","810","2,158","388"
"08001","Colorado","Adams","7,698","1,590","978","1,022","2,396","1,712","3,220","2,164","2,314","6,701","997"
"08003","Colorado","Alamosa","282","54","27","35","88","78","73","81","128","255","27"
"08005","Colorado","Arapahoe","12,060","2,471","1,612","1,679","3,490","2,808","4,436","3,772","3,852","10,209","1,850"
"08007","Colorado","Archuleta","332","75","34","41","101","81","69","87","176","291","41"
"08009","Colorado","Baca","45","10",,,"17",,,,"30",,
"08011","Colorado","Bent","136","38","11","13","36","38","11","37","88",,
"08013","Colorado","Boulder","3,009","725","437","411","824","612","1,197","785","1,027","2,612","396"
"08014","Colorado","Broomfield","1,178","253","164","163","350","248","542","298","338","1,047","130"
"08015","Colorado","Chaffee","401","93","59","44","105","100","82","119","200","354","47"
"08017","Colorado","Cheyenne","26",,,,,,,,"10",,
"08019","Colorado","Clear Creek","160","40","19","31","36","34","42","53","65","143","17"
"08021","Colorado","Conejos","135","26","14","15","39","41","15","39","81","125","10"
"08023","Colorado","Costilla","148","26","11","18","45","48","21","47","80","135","13"
"08025","Colorado","Crowley","99","19",,,"29","30","16","30","53","87","12"
"08027","Colorado","Custer","323","79","32","35","76","101","54","110","159","287","36"
"08029","Colorado","Delta","979","289","125","110","242","213","161","236","582","886","93"
"08031","Colorado","Denver","7,684","1,557","996","1,096","2,251","1,784","3,430","1,966","2,288","6,552","1,131"
"08033","Colorado","Dolores","56",,,,"18","17","13","19","24",,
"08035","Colorado","Douglas","7,654","1,502","948","1,074","2,225","1,905","2,867","2,930","1,857","6,685","967"
"08037","Colorado","Eagle","318","87","42","38","81","70","95","99","124","276","42"
"08039","Colorado","Elbert","932","169","111","108","304","240","326","321","285","806","126"
"08041","Colorado","El Paso","52,489","7,178","5,463","6,562","16,118","17,168","20,354","20,062","12,073","43,291","9,195"
"08043","Colorado","Fremont","1,660","317","182","204","498","459","418","523","719","1,472","188"
"08045","Colorado","Garfield","689","195","103","98","171","122","183","185","321","629","60"
"08047","Colorado","Gilpin","129","25","17","16","36","35","30","48","51","115","14"
"08049","Colorado","Grand","219","63","37","23","42","54","52","45","122","195","24"
"08051","Colorado","Gunnison","196","55","19","31","53","38","56","53","87","178","18"
"08053","Colorado","Hinsdale","18",,,,,,,,,,
"08055","Colorado","Huerfano","248","44","24","25","81","74","32","69","147","223","25"
"08057","Colorado","Jackson","22",,,,,,,,,,
"08059","Colorado","Jefferson","8,678","2,081","1,245","1,176","2,365","1,811","3,001","2,410","3,267","7,642","1,034"
"08061","Colorado","Kiowa","28",,,,,,,,"13",,
"08063","Colorado","Kit Carson","82","20",,,"24","16","20","25","37",,
"08065","Colorado","Lake","98","22","11","10","28","27","33","28","37","80","18"
"08067","Colorado","La Plata","916","210","100","128","264","214","243","287","386","816","100"
"08069","Colorado","Larimer","6,780","1,765","875","884","1,826","1,430","2,512","1,734","2,534","5,992","786"
"08071","Colorado","Las Animas","384","71","32","36","107","138","63","115","206","344","40"
"08073","Colorado","Lincoln","112","16","14","19","34","29","35","29","48","98","14"
"08075","Colorado","Logan","348","101","42","53","86","66","77","103","168","317","31"
"08077","Colorado","Mesa","5,370","1,622","680","650","1,327","1,091","1,313","1,531","2,526","4,820","550"
"08079","Colorado","Mineral","24",,,,"11",,,,,,
"08081","Colorado","Moffat","282","83","30","41","73","55","70","75","137","257","25"
"08083","Colorado","Montezuma","788","208","102","101","203","174","155","224","409","709","79"
"08085","Colorado","Montrose","1,134","385","140","118","260","231","241","278","615","1,032","102"
"08087","Colorado","Morgan","331","79","42","49","97","64","96","96","139","299","32"
"08089","Colorado","Otero","398","84","44","53","107","110","81","110","207","362","36"
"08091","Colorado","Ouray","119","38","13","14","32","22","31","27","61","109","10"
"08093","Colorado","Park","556","119","51","61","162","163","143","182","231","486","70"
"08095","Colorado","Phillips","60","14",,"11","19",,"17","14","29",,
"08097","Colorado","Pitkin","83","32",,,"17","15","19","24","40",,
"08099","Colorado","Prowers","220","73","20","22","55","50","37","54","129",,
"08101","Colorado","Pueblo","5,446","881","522","624","1,735","1,684","1,627","1,638","2,181","4,798","648"
"08103","Colorado","Rio Blanco","145","51","24","21","25","24","35","33","77","132","13"
"08105","Colorado","Rio Grande","257","51","24","29","78","75","44","81","132","235","22"
"08107","Colorado","Routt","252","78","35","31","64","44","51","73","128","234","18"
"08109","Colorado","Saguache","117","21",,,"32","43","22","37","58","100","17"
"08111","Colorado","San Juan","17",,,,,,,,,,
"08113","Colorado","San Miguel","72","23","12","10","17","10","23","21","28","61","11"
"08115","Colorado","Sedgwick","43","13",,,,"12",,,"32",,
"08117","Colorado","Summit","257","64","31","42","75","45","88","84","85","224","33"
"08119","Colorado","Teller","1,342","241","128","156","381","436","322","513","507","1,174","168"
"08121","Colorado","Washington","73",,"13",,"22","19","15","26","32",,
"08123","Colorado","Weld","6,067","1,394","753","805","1,752","1,363","2,421","1,731","1,915","5,389","678"
"08125","Colorado","Yuma","86","19","18","10","23","16","13","21","52",,
"09110","Connecticut","Capitol","10,233","2,724","1,314","1,236","2,688","2,271","3,135","2,920","4,178","9,094","1,137"
"09120","Connecticut","Greater Bridgeport","1,828","467","223","241","505","392","534","494","800","1,633","195"
"09130","Connecticut","Lower Connecticut River Valley","2,303","602","318","304","603","476","672","629","1,002","2,090","213"
"09140","Connecticut","Naugatuck Valley","4,551","1,150","579","564","1,282","976","1,507","1,152","1,892","4,147","402"
"09150","Connecticut","Northeastern Connecticut","1,861","459","225","245","537","395","520","580","761","1,710","149"
"09160","Connecticut","Northwest Hills","1,340","346","197","160","331","306","377","318","645","1,228","112"
"09170","Connecticut","South Central Connecticut","5,542","1,408","660","659","1,500","1,315","1,629","1,419","2,494","4,981","560"
"09180","Connecticut","Southeastern Connecticut","6,329","1,411","763","900","1,932","1,323","2,044","2,204","2,081","5,641","688"
"09190","Connecticut","Western Connecticut","2,833","728","346","346","754","659","866","690","1,277","2,607","225"
"10001","Delaware","Kent","7,050","1,148","733","882","2,275","2,012","1,646","2,736","2,667","5,860","1,189"
"10003","Delaware","New Castle","7,491","1,475","841","890","2,352","1,933","1,871","2,566","3,054","6,422","1,069"
"10005","Delaware","Sussex","4,953","1,081","567","615","1,453","1,237","834","1,294","2,825","4,390","561"
"11001","District Of Columbia","District Of Columbia","7,384","1,294","828","925","2,196","2,141","2,824","2,496","2,064","5,925","1,459"
"12001","Florida","Alachua","5,640","1,133","618","695","1,621","1,573","1,476","1,876","2,288","4,834","803"
"12003","Florida","Baker","807","148","80","90","241","248","210","293","304","728","79"
"12005","Florida","Bay","10,325","1,911","1,063","1,120","2,872","3,359","2,378","4,180","3,767","8,811","1,514"
"12007","Florida","Bradford","891","183","92","109","249","258","197","321","373","805","86"
"12009","Florida","Brevard","29,014","5,240","2,806","3,196","8,600","9,172","6,905","10,593","11,516","25,088","3,924"
"12011","Florida","Broward","21,025","3,755","2,044","2,223","6,388","6,615","6,942","7,408","6,675","18,035","2,984"
"12013","Florida","Calhoun","335","59","36","37","114","89","82","119","134","291","44"
"12015","Florida","Charlotte","6,720","1,605","652","726","1,996","1,741","976","1,813","3,931","6,131","589"
"12017","Florida","Citrus","6,667","1,362","732","731","1,970","1,872","1,070","1,976","3,621","5,952","715"
"12019","Florida","Clay","15,187","2,321","1,351","1,593","4,165","5,757","3,754","6,801","4,632","12,637","2,550"
"12021","Florida","Collier","4,776","1,183","538","532","1,359","1,164","837","1,112","2,827","4,418","358"
"12023","Florida","Columbia","2,806","557","299","331","820","799","557","926","1,323","2,494","312"
"12027","Florida","DeSoto","547","129","56","67","152","143","98","115","334","500","47"
"12029","Florida","Dixie","460","81","52","54","153","120","68","129","263","417","43"
"12031","Florida","Duval","37,487","6,337","3,750","4,042","10,977","12,381","11,403","15,449","10,635","30,566","6,918"
"12033","Florida","Escambia","17,646","3,425","1,910","2,067","5,277","4,967","4,208","6,711","6,727","14,800","2,845"
"12035","Florida","Flagler","4,878","929","402","490","1,412","1,645","995","1,615","2,268","4,343","534"
"12037","Florida","Franklin","294","64","37","38","67","88","37","84","173","273","21"
"12039","Florida","Gadsden","1,143","184","106","136","350","367","195","399","549","992","151"
"12041","Florida","Gilchrist","561","107","53","69","164","168","137","184","240","500","61"
"12043","Florida","Glades","347","85","40","45","103","74","30","76","241","322","25"
"12045","Florida","Gulf","545","121","58","63","155","148","76","197","272","478","67"
"12047","Florida","Hamilton","359","66","27","40","102","124","89","110","160","310","49"
"12049","Florida","Hardee","262","72","28","31","73","58","61","73","128","244","18"
"12051","Florida","Hendry","561","139","57","61","178","126","140","158","263","498","63"
"12053","Florida","Hernando","7,595","1,302","763","794","2,376","2,360","1,765","2,306","3,524","6,692","903"
"12055","Florida","Highlands","2,978","693","311","344","870","760","438","747","1,793","2,688","290"
"12057","Florida","Hillsborough","42,212","6,195","3,889","4,503","11,680","15,945","12,488","17,487","12,237","34,923","7,287"
"12059","Florida","Holmes","628","108","62","75","214","169","119","208","301","584","44"
"12061","Florida","Indian River","4,382","973","447","523","1,270","1,169","671","1,080","2,631","3,987","392"
"12063","Florida","Jackson","1,489","217","158","193","471","450","289","498","702","1,329","160"
"12065","Florida","Jefferson","396","73","48","42","129","104","80","132","184","349","47"
"12067","Florida","Lafayette","190","44","17","24","53","52","39","62","89","171","19"
"12069","Florida","Lake","12,521","2,567","1,222","1,358","3,642","3,732","2,755","3,779","5,987","11,165","1,355"
"12071","Florida","Lee","14,600","3,397","1,615","1,702","4,155","3,731","3,292","4,028","7,280","13,222","1,377"
"12073","Florida","Leon","5,212","1,048","569","601","1,524","1,470","1,467","1,778","1,967","4,378","833"
"12075","Florida","Levy","1,601","312","166","217","467","439","315","481","805","1,413","188"
"12077","Florida","Liberty","140","31","12","13","46","38","24","45","71","126","14"
"12079","Florida","Madison","477","97","50","57","136","137","74","146","257","428","49"
"12081","Florida","Manatee","9,340","1,913","979","1,049","2,623","2,776","2,139","2,981","4,220","8,274","1,066"
"12083","Florida","Marion","12,993","2,640","1,352","1,457","3,748","3,796","2,659","3,656","6,678","11,511","1,482"
"12085","Florida","Martin","2,998","772","332","345","816","733","614","749","1,635","2,771","227"
"12086","Florida","Miami-Dade","17,755","2,968","1,611","1,724","5,557","5,895","6,579","6,026","5,150","15,609","2,145"
"12087","Florida","Monroe","2,159","447","252","243","590","627","544","881","734","1,888","269"
"12089","Florida","Nassau","4,419","757","432","498","1,283","1,449","1,187","1,781","1,451","3,835","584"
"12091","Florida","Okaloosa","20,103","3,402","2,057","2,222","5,659","6,763","5,630","8,408","6,065","16,695","3,408"
"12093","Florida","Okeechobee","892","196","92","121","275","208","157","203","532","836","56"
"12095","Florida","Orange","25,427","4,095","2,405","2,654","7,639","8,634","8,395","9,050","7,982","21,673","3,751"
"12097","Florida","Osceola","10,041","1,258","784","962","3,007","4,030","3,135","3,781","3,125","8,677","1,363"
"12099","Florida","Palm Beach","16,795","3,435","1,681","1,846","4,851","4,982","4,488","4,954","7,353","14,991","1,801"
"12101","Florida","Pasco","19,524","3,306","1,862","2,079","5,578","6,699","5,469","6,865","7,190","16,868","2,656"
"12103","Florida","Pinellas","22,567","4,501","2,485","2,553","6,662","6,366","5,341","7,363","9,863","19,522","3,045"
"12105","Florida","Polk","18,998","3,594","1,881","2,078","5,605","5,840","5,046","6,145","7,807","16,541","2,454"
"12107","Florida","Putnam","2,551","477","261","297","755","761","430","776","1,345","2,275","276"
"12109","Florida","St. Johns","10,745","1,741","976","1,120","2,788","4,120","2,928","4,519","3,298","9,252","1,492"
"12111","Florida","St. Lucie","8,864","1,770","764","960","2,711","2,659","2,210","2,705","3,949","7,758","1,106"
"12113","Florida","Santa Rosa","16,434","2,620","1,618","1,761","4,707","5,728","4,347","7,609","4,478","13,884","2,550"
"12115","Florida","Sarasota","8,882","2,130","992","1,020","2,400","2,340","1,624","2,256","5,002","8,125","755"
"12117","Florida","Seminole","9,847","1,940","1,022","1,125","2,890","2,870","3,134","3,216","3,497","8,561","1,286"
"12119","Florida","Sumter","6,376","1,624","764","727","1,648","1,613","422","1,339","4,615","5,761","613"
"12121","Florida","Suwannee","1,399","244","137","174","417","427","287","447","665","1,257","142"
"12123","Florida","Taylor","533","114","53","54","163","149","94","197","242","486","47"
"12125","Florida","Union","344","83","38","28","114","81","68","110","166","310","34"
"12127","Florida","Volusia","18,805","4,302","1,890","2,024","5,247","5,342","4,441","5,387","8,977","16,727","2,077"
"12129","Florida","Wakulla","1,215","230","121","158","346","360","315","477","423","1,058","157"
"12131","Florida","Walton","3,437","693","331","395","903","1,115","825","1,317","1,295","2,975","462"
"12133","Florida","Washington","867","149","89","112","247","270","163","320","384","777","90"
"13001","Georgia","Appling","311","51","34","43","95","88","81","110","120","278","33"
"13003","Georgia","Atkinson","86","11","11","13","31","20","18","32","36",,
"13005","Georgia","Bacon","154","29","19","24","38","44","50","39","65","134","20"
"13007","Georgia","Baker","64",,,,"26","24","10","17","37","54","10"
"13009","Georgia","Baldwin","933","154","82","111","287","299","207","300","426","806","127"
"13011","Georgia","Banks","367","71","47","33","116","100","112","98","157","336","31"
"13013","Georgia","Barrow","1,591","291","177","182","510","431","574","521","496","1,346","245"
"13015","Georgia","Bartow","2,277","446","223","264","685","659","750","664","863","2,012","265"
"13017","Georgia","Ben Hill","323","49","24","41","108","101","70","96","157","290","33"
"13019","Georgia","Berrien","498","76","53","51","180","138","146","182","170","423","75"
"13021","Georgia","Bibb","4,178","749","381","448","1,399","1,201","929","1,520","1,729","3,511","667"
"13023","Georgia","Bleckley","357","60","35","28","129","105","85","137","135","315","42"
"13025","Georgia","Brantley","443","87","51","44","158","103","121","153","169","406","37"
"13027","Georgia","Brooks","425","74","46","55","130","120","94","123","208","372","53"
"13029","Georgia","Bryan","3,301","326","224","298","984","1,469","1,280","1,524","497","2,696","605"
"13031","Georgia","Bulloch","1,650","207","166","198","606","473","589","604","457","1,396","254"
"13033","Georgia","Burke","617","102","48","68","196","203","165","225","227","516","101"
"13035","Georgia","Butts","541","103","59","64","148","167","136","189","216","464","77"
"13037","Georgia","Calhoun","121",,,"11","44","49","22","44","55","106","15"
"13039","Georgia","Camden","4,108","622","390","477","1,299","1,320","1,258","1,836","1,014","3,591","517"
"13043","Georgia","Candler","218","36","36","27","62","57","52","68","98","186","32"
"13045","Georgia","Carroll","2,328","466","227","278","712","645","733","770","825","1,993","335"
"13047","Georgia","Catoosa","1,351","271","137","153","439","351","363","413","575","1,234","117"
"13049","Georgia","Charlton","295","72","31","32","88","72","71","94","130","259","36"
"13051","Georgia","Chatham","10,532","1,384","1,023","1,146","3,495","3,484","4,012","3,746","2,774","8,419","2,113"
"13053","Georgia","Chattahoochee","404","54","44","38","135","133","186","144","74","317","87"
"13055","Georgia","Chattooga","430","104","49","51","122","104","82","121","227","390","40"
"13057","Georgia","Cherokee","5,106","1,036","578","631","1,430","1,431","1,540","1,621","1,945","4,527","578"
"13059","Georgia","Clarke","1,308","277","152","156","392","331","369","389","550","1,129","178"
"13061","Georgia","Clay","80","16",,,"30","15","14","21","45",,
"13063","Georgia","Clayton","7,518","1,190","669","781","2,466","2,412","1,892","3,018","2,608","5,692","1,826"
"13065","Georgia","Clinch","109","22","18","12","29","28","17","41","51","87","22"
"13067","Georgia","Cobb","13,189","2,318","1,316","1,480","4,025","4,050","4,011","5,002","4,176","10,789","2,400"
"13069","Georgia","Coffee","645","114","63","66","214","188","164","230","251","551","94"
"13071","Georgia","Colquitt","644","109","59","91","223","162","157","212","275","572","72"
"13073","Georgia","Columbia","11,981","1,123","922","1,181","3,520","5,235","4,020","5,379","2,582","9,066","2,914"
"13075","Georgia","Cook","434","63","48","50","138","135","117","149","168","376","58"
"13077","Georgia","Coweta","4,367","852","476","498","1,226","1,315","1,243","1,687","1,437","3,759","608"
"13079","Georgia","Crawford","359","56","43","55","99","106","67","132","160","322","37"
"13081","Georgia","Crisp","346","51","39","41","106","109","80","106","160","299","47"
"13083","Georgia","Dade","333","79","32","39","90","93","83","104","146","303","30"
"13085","Georgia","Dawson","604","114","65","76","170","179","192","181","231","556","48"
"13087","Georgia","Decatur","614","90","55","83","184","202","170","217","227","534","80"
"13089","Georgia","DeKalb","12,764","2,251","1,226","1,362","4,091","3,834","3,584","4,681","4,499","9,999","2,763"
"13091","Georgia","Dodge","399","66","44","50","127","112","88","165","146","357","42"
"13093","Georgia","Dooly","194","32","20","21","63","58","41","66","87","165","29"
"13095","Georgia","Dougherty","2,616","345","212","265","848","946","563","1,022","1,031","2,169","447"
"13097","Georgia","Douglas","4,490","644","352","391","1,409","1,694","1,173","2,031","1,286","3,488","1,002"
"13099","Georgia","Early","251","29","26","25","79","92","69","92","90","226","25"
"13101","Georgia","Echols","41",,,,"10","12","17","12","12",,
"13103","Georgia","Effingham","2,986","388","255","328","1,006","1,009","1,230","1,157","599","2,553","433"
"13105","Georgia","Elbert","391","73","38","40","138","102","73","111","207","348","43"
"13107","Georgia","Emanuel","406","69","41","41","137","118","86","147","173","359","47"
"13109","Georgia","Evans","206","29","23","35","66","53","46","66","94","185","21"
"13111","Georgia","Fannin","702","163","81","85","186","187","95","192","415","647","54"
"13113","Georgia","Fayette","4,339","852","426","466","1,209","1,386","821","1,770","1,748","3,679","659"
"13115","Georgia","Floyd","1,686","363","183","212","498","430","415","474","797","1,497","189"
"13117","Georgia","Forsyth","2,759","595","305","327","762","770","753","1,004","1,001","2,463","295"
"13119","Georgia","Franklin","412","84","45","48","119","116","119","107","186","373","39"
"13121","Georgia","Fulton","15,316","2,354","1,451","1,564","4,804","5,143","5,119","5,720","4,477","11,969","3,345"
"13123","Georgia","Gilmer","795","190","88","88","223","206","138","226","431","731","63"
"13125","Georgia","Glascock","48",,,,"15","15","10","20","18",,
"13127","Georgia","Glynn","2,513","480","228","282","835","688","602","978","933","2,166","347"
"13129","Georgia","Gordon","934","178","104","116","292","244","276","274","384","867","66"
"13131","Georgia","Grady","494","83","58","60","154","139","123","153","218","446","48"
"13133","Georgia","Greene","393","104","44","46","101","98","56","89","248","362","31"
"13135","Georgia","Gwinnett","13,893","2,161","1,251","1,473","4,369","4,639","4,520","5,761","3,612","11,116","2,775"
"13137","Georgia","Habersham","886","212","92","121","242","219","193","231","462","820","65"
"13139","Georgia","Hall","3,165","688","369","367","920","821","802","898","1,465","2,883","281"
"13141","Georgia","Hancock","217","36","24","20","76","61","44","69","104","181","36"
"13143","Georgia","Haralson","543","118","47","68","158","152","154","194","195","489","54"
"13145","Georgia","Harris","2,498","220","174","180","602","1,322","567","1,171","760","2,135","362"
"13147","Georgia","Hart","504","102","54","49","156","143","107","139","258","464","40"
"13149","Georgia","Heard","206","46","16","30","51","63","56","66","84","183","23"
"13151","Georgia","Henry","10,929","1,318","755","938","3,257","4,661","2,884","5,198","2,847","8,148","2,781"
"13153","Georgia","Houston","12,356","1,596","988","1,277","3,729","4,766","3,282","5,571","3,503","9,780","2,576"
"13155","Georgia","Irwin","175","36","16","15","64","44","39","66","70","158","17"
"13157","Georgia","Jackson","1,742","336","187","181","514","524","611","543","588","1,554","188"
"13159","Georgia","Jasper","311","70","24","29","107","81","77","95","139","278","33"
"13161","Georgia","Jeff Davis","221","39","24","26","70","62","50","82","89","201","20"
"13163","Georgia","Jefferson","394","59","29","46","138","122","83","153","158","332","62"
"13165","Georgia","Jenkins","150","23","15","16","49","47","38","48","64","131","19"
"13167","Georgia","Johnson","160","29","20","16","61","34","36","56","68","139","21"
"13169","Georgia","Jones","791","130","69","86","256","250","195","308","288","669","122"
"13171","Georgia","Lamar","490","87","57","57","138","151","142","156","192","427","63"
"13173","Georgia","Lanier","390","46","34","44","138","128","137","153","100","326","64"
"13175","Georgia","Laurens","1,546","214","127","174","514","517","309","565","672","1,331","215"
"13177","Georgia","Lee","1,342","154","86","125","401","576","385","628","329","1,137","205"
"13179","Georgia","Liberty","7,306","609","505","636","2,426","3,130","2,804","2,863","1,639","5,468","1,837"
"13181","Georgia","Lincoln","262","46","28","27","76","85","53","90","119","235","27"
"13183","Georgia","Long","2,161","116","109","154","659","1,123","1,054","829","278","1,629","532"
"13185","Georgia","Lowndes","4,519","619","452","571","1,405","1,472","1,430","1,761","1,328","3,664","854"
"13187","Georgia","Lumpkin","825","140","92","99","241","253","210","261","354","771","54"
"13189","Georgia","McDuffie","699","89","70","72","210","258","169","249","281","583","116"
"13191","Georgia","McIntosh","425","79","47","36","142","121","79","164","182","377","48"
"13193","Georgia","Macon","255","41","24","19","98","73","46","95","114","225","30"
"13195","Georgia","Madison","621","138","56","87","179","161","192","160","269","559","62"
"13197","Georgia","Marion","288","45","24","24","87","108","86","92","110","243","45"
"13199","Georgia","Meriwether","568","112","56","63","171","166","135","194","239","494","74"
"13201","Georgia","Miller","103","15",,,"35","35","24","27","52",,
"13205","Georgia","Mitchell","422","60","38","54","136","134","119","145","158","356","66"
"13207","Georgia","Monroe","767","123","75","91","245","233","197","268","302","674","93"
"13209","Georgia","Montgomery","158","29","14","18","50","47","45","50","63","140","18"
"13211","Georgia","Morgan","392","87","47","37","117","104","82","121","189","362","30"
"13213","Georgia","Murray","564","154","49","71","144","146","158","149","257","517","47"
"13215","Georgia","Muscogee","11,800","1,280","806","1,020","3,440","5,254","3,096","4,585","4,119","9,371","2,427"
"13217","Georgia","Newton","3,443","520","286","326","1,070","1,241","961","1,436","1,046","2,744","699"
"13219","Georgia","Oconee","611","128","73","88","169","153","149","199","263","564","47"
"13221","Georgia","Oglethorpe","356","67","32","48","109","100","81","109","166","323","33"
"13223","Georgia","Paulding","4,695","710","420","577","1,477","1,511","1,626","1,839","1,230","3,907","787"
"13225","Georgia","Peach","1,296","187","112","118","379","500","293","544","459","1,076","220"
"13227","Georgia","Pickens","777","172","104","88","217","196","175","242","360","731","46"
"13229","Georgia","Pierce","470","67","41","57","165","140","122","165","183","423","47"
"13231","Georgia","Pike","497","105","71","75","137","109","137","167","193","454","43"
"13233","Georgia","Polk","750","170","64","88","240","188","182","222","346","702","48"
"13235","Georgia","Pulaski","286","46","25","29","92","94","63","113","110","247","39"
"13237","Georgia","Putnam","507","106","45","57","150","149","96","154","257","447","60"
"13239","Georgia","Quitman","76","17",,,"21","20","16","17","43",,
"13241","Georgia","Rabun","353","78","34","36","113","92","57","83","213","331","22"
"13243","Georgia","Randolph","129","20","10","14","42","43","30","42","57","111","18"
"13245","Georgia","Richmond","10,530","1,157","906","1,050","3,451","3,966","2,781","3,753","3,996","7,867","2,663"
"13247","Georgia","Rockdale","3,141","426","231","271","993","1,220","697","1,342","1,102","2,442","698"
"13249","Georgia","Schley","90","11","11","13","29","26","22","34","34","80","10"
"13251","Georgia","Screven","322","50","38","37","105","92","87","113","122","279","43"
"13253","Georgia","Seminole","173","39","19","19","51","45","36","55","82","155","18"
"13255","Georgia","Spalding","1,713","326","179","194","486","528","382","542","789","1,451","262"
"13257","Georgia","Stephens","528","130","63","56","156","123","125","132","271","482","46"
"13259","Georgia","Stewart","126","18",,,"33","57","21","53","52","109","17"
"13261","Georgia","Sumter","539","82","52","66","171","168","100","217","222","478","61"
"13263","Georgia","Talbot","237","42","28","17","59","91","34","83","120","209","28"
"13265","Georgia","Taliaferro","47",,,,"10","19",,,"22",,
"13267","Georgia","Tattnall","575","68","69","72","195","171","142","231","202","483","92"
"13269","Georgia","Taylor","172","27","18","22","53","52","29","60","83","158","14"
"13271","Georgia","Telfair","166","19","18","19","64","46","24","52","90","153","13"
"13273","Georgia","Terrell","211","32","19","24","69","67","48","86","77","183","28"
"13275","Georgia","Thomas","991","157","112","117","319","286","253","339","399","850","141"
"13277","Georgia","Tift","804","114","73","90","260","267","224","286","294","671","133"
"13279","Georgia","Toombs","479","77","40","57","162","143","127","175","177","423","56"
"13281","Georgia","Towns","392","100","33","42","106","111","38","91","263","369","23"
"13283","Georgia","Treutlen","114","25",,,"34","29","27","43","44",,
"13285","Georgia","Troup","1,583","340","151","176","472","444","360","566","657","1,388","194"
"13287","Georgia","Turner","185","31","17","19","61","57","53","62","70","157","28"
"13289","Georgia","Twiggs","219","29","29","27","69","65","45","81","93","187","32"
"13291","Georgia","Union","967","235","105","113","260","254","130","239","598","900","67"
"13293","Georgia","Upson","583","118","62","63","190","150","119","191","273","532","51"
"13295","Georgia","Walker","1,342","309","149","133","384","367","321","389","632","1,223","119"
"13297","Georgia","Walton","2,270","381","239","264","691","695","728","794","748","1,912","358"
"13299","Georgia","Ware","823","140","70","100","257","256","191","286","346","734","89"
"13301","Georgia","Warren","105","20",,,"36","26","25","32","48","94","11"
"13303","Georgia","Washington","420","71","40","48","145","116","105","135","180","352","68"
"13305","Georgia","Wayne","919","122","80","96","306","315","256","358","305","800","119"
"13307","Georgia","Webster","47",,,,"20","13","12","14","21",,
"13309","Georgia","Wheeler","112","12","13","11","46","30","17","47","48","98","14"
"13311","Georgia","White","695","158","70","85","199","183","128","207","360","643","52"
"13313","Georgia","Whitfield","1,125","268","115","166","310","266","342","278","505","1,040","85"
"13315","Georgia","Wilcox","125","23","13","12","44","33","24","42","59","113","12"
"13317","Georgia","Wilkes","242","37","37","30","66","72","56","71","115","215","27"
"13319","Georgia","Wilkinson","227","33","21","29","78","66","51","81","95","202","25"
"13321","Georgia","Worth","462","67","47","60","154","134","103","157","202","420","42"
"15001","Hawaii","Hawaii","4,368","924","463","475","1,153","1,353","868","1,146","2,354","3,943","425"
"15003","Hawaii","Honolulu","31,679","5,877","3,393","3,857","8,933","9,619","9,968","11,553","10,158","27,028","4,647"
"15005","Hawaii","Kalawao",,,,,,,,,,,
"15007","Hawaii","Kauai","1,351","377","180","156","363","275","240","345","766","1,251","100"
"15009","Hawaii","Maui","2,128","534","200","234","634","526","429","510","1,189","1,957","171"
"16001","Idaho","Ada","13,151","2,830","1,666","1,798","3,942","2,915","4,267","4,305","4,579","11,656","1,492"
"16003","Idaho","Adams","158","38","26","20","46","28","30","46","82","140","18"
"16005","Idaho","Bannock","1,890","431","230","227","572","430","567","573","750","1,719","171"
"16007","Idaho","Bear Lake","102","27","12","10","24","29","13","30","59",,
"16009","Idaho","Benewah","320","88","41","31","94","66","48","98","174","287","32"
"16011","Idaho","Bingham","799","174","115","93","248","169","236","244","319","730","69"
"16013","Idaho","Blaine","188","50","27","22","49","40","49","51","88","174","14"
"16015","Idaho","Boise","393","93","50","49","106","95","80","129","184","359","34"
"16017","Idaho","Bonner","1,672","437","211","174","460","390","349","514","809","1,520","152"
"16019","Idaho","Bonneville","2,301","559","264","265","664","549","769","708","824","2,093","208"
"16021","Idaho","Boundary","485","115","60","64","133","113","95","163","227","448","37"
"16023","Idaho","Butte","62","23",,,"14","10",,,"35",,
"16025","Idaho","Camas","24",,,,,,,,"10",,
"16027","Idaho","Canyon","6,107","1,253","761","802","1,847","1,444","2,092","1,840","2,174","5,498","609"
"16029","Idaho","Caribou","114","36","16","15","24","23","27","14","73",,
"16031","Idaho","Cassia","268","65","39","32","74","58","72","75","121","248","20"
"16033","Idaho","Clark",,,,,,,,,,,
"16035","Idaho","Clearwater","355","94","36","55","89","81","55","93","207","335","20"
"16037","Idaho","Custer","131","34","19","15","41","22","25","35","71",,
"16039","Idaho","Elmore","2,462","391","318","360","806","587","735","1,004","723","2,051","411"
"16041","Idaho","Franklin","178","40","21","31","47","39","40","54","84","168","10"
"16043","Idaho","Fremont","262","67","32","36","68","59","48","59","155","246","16"
"16045","Idaho","Gem","670","145","78","92","212","143","162","201","307","610","60"
"16047","Idaho","Gooding","262","73","34","38","59","58","53","67","142","248","14"
"16049","Idaho","Idaho","613","138","63","74","198","140","71","146","396","573","40"
"16051","Idaho","Jefferson","537","120","63","64","146","144","146","186","205","489","48"
"16053","Idaho","Jerome","334","74","53","40","88","79","96","96","142","307","27"
"16055","Idaho","Kootenai","5,716","1,364","690","702","1,556","1,404","1,605","1,674","2,437","5,189","525"
"16057","Idaho","Latah","695","157","101","77","211","149","226","208","261","641","54"
"16059","Idaho","Lemhi","267","47","40","36","76","68","34","87","146","246","21"
"16061","Idaho","Lewis","147","31","20","18","42","36","25","39","83","129","18"
"16063","Idaho","Lincoln","67","22","10","12","10","13","15","20","32",,
"16065","Idaho","Madison","322","74","46","40","93","69","102","88","132","298","24"
"16067","Idaho","Minidoka","258","56","42","34","69","57","69","78","111","233","25"
"16069","Idaho","Nez Perce","1,259","275","143","176","385","280","288","414","557","1,164","94"
"16071","Idaho","Oneida","91","18","11","18","27","17","20","26","45",,
"16073","Idaho","Owyhee","244","66","29","22","80","47","63","83","98","213","31"
"16075","Idaho","Payette","718","149","122","81","213","153","192","216","310","671","47"
"16077","Idaho","Power","113","36",,,"29","27","28","29","56","97","16"
"16079","Idaho","Shoshone","377","102","51","45","113","66","68","117","192","353","24"
"16081","Idaho","Teton","121","31","14","16","35","25","38","36","47","108","13"
"16083","Idaho","Twin Falls","1,689","347","196","221","498","427","549","445","695","1,526","161"
"16085","Idaho","Valley","322","85","40","47","85","65","68","119","135","281","41"
"16087","Idaho","Washington","287","74","32","40","83","58","62","76","149","261","26"
"17001","Illinois","Adams","1,297","283","132","148","372","362","352","334","611","1,204","93"
"17003","Illinois","Alexander","125","22","16","16","42","29","12","40","73","114","11"
"17005","Illinois","Bond","274","47","29","20","97","81","74","81","119","252","22"
"17007","Illinois","Boone","629","123","73","67","224","142","191","174","264","577","52"
"17009","Illinois","Brown","81","19",,,"24","24","17","33","31",,
"17011","Illinois","Bureau","454","95","52","55","147","105","109","139","206","413","41"
"17013","Illinois","Calhoun","71","19",,,"17","18",,,"45",,
"17015","Illinois","Carroll","307","95","33","34","74","71","65","90","152","287","20"
"17017","Illinois","Cass","161","28","13","22","49","49","39","45","77",,
"17019","Illinois","Champaign","1,893","357","233","216","575","512","639","580","674","1,640","253"
"17021","Illinois","Christian","570","109","57","62","174","168","172","155","243","526","44"
"17023","Illinois","Clark","278","45","39","34","93","67","74","81","123","252","26"
"17025","Illinois","Clay","216","39","27","26","82","42","49","64","103","204","12"
"17027","Illinois","Clinton","846","159","92","91","268","236","213","317","316","731","115"
"17029","Illinois","Coles","714","131","79","96","193","215","197","186","331","652","62"
"17031","Illinois","Cook","32,786","5,790","3,320","3,635","10,907","9,134","10,928","9,573","12,284","28,585","4,198"
"17033","Illinois","Crawford","306","77","36","40","84","69","76","78","152","279","27"
"17035","Illinois","Cumberland","167","35","20","21","52","39","52","44","71","155","12"
"17037","Illinois","DeKalb","1,092","215","119","123","334","301","431","274","387","984","108"
"17039","Illinois","De Witt","236","49","29","24","82","52","82","61","93","212","24"
"17041","Illinois","Douglas","238","33","22","27","84","72","75","69","94","219","19"
"17043","Illinois","DuPage","5,369","1,100","614","632","1,707","1,316","1,905","1,326","2,138","4,837","532"
"17045","Illinois","Edgar","261","48","32","35","79","67","52","87","122","237","24"
"17047","Illinois","Edwards","100","24","14","18","19","25","12","31","57",,
"17049","Illinois","Effingham","495","105","61","61","155","113","174","123","198","462","33"
"17051","Illinois","Fayette","293","55","39","45","98","56","81","101","111","279","14"
"17053","Illinois","Ford","158","29","25","22","44","38","43","37","78","147","10"
"17055","Illinois","Franklin","825","176","91","100","251","207","211","237","377","765","60"
"17057","Illinois","Fulton","530","105","36","60","164","165","127","187","216","490","40"
"17059","Illinois","Gallatin","104","17","13","12","31","31","16","25","63",,
"17061","Illinois","Greene","186","38","16","22","69","41","49","52","85","173","13"
"17063","Illinois","Grundy","690","137","95","92","215","151","267","188","235","627","63"
"17065","Illinois","Hamilton","130","28","18","10","35","39","24","30","76",,
"17067","Illinois","Hancock","329","58","40","33","108","90","77","93","159","300","29"
"17069","Illinois","Hardin","81","26","14",,"22",,,,"50",,
"17071","Illinois","Henderson","134","24","14","17","46","33","26","44","64","123","11"
"17073","Illinois","Henry","775","146","102","115","228","184","194","245","336","707","68"
"17075","Illinois","Iroquois","433","83","50","57","152","91","128","97","208","400","33"
"17077","Illinois","Jackson","1,021","220","107","130","340","224","305","330","386","898","123"
"17079","Illinois","Jasper","112","22","13","16","40","21","33","26","53",,
"17081","Illinois","Jefferson","718","146","75","91","219","187","173","218","327","655","63"
"17083","Illinois","Jersey","390","63","55","41","121","110","102","114","174","358","32"
"17085","Illinois","Jo Daviess","356","93","53","47","92","71","64","105","187","328","28"
"17087","Illinois","Johnson","330","64","31","43","111","81","82","83","165","305","25"
"17089","Illinois","Kane","4,140","855","455","438","1,308","1,084","1,461","1,064","1,615","3,773","367"
"17091","Illinois","Kankakee","1,416","276","163","161","437","379","388","375","653","1,290","126"
"17093","Illinois","Kendall","1,600","232","155","176","561","476","729","498","373","1,393","207"
"17095","Illinois","Knox","778","129","86","109","256","198","179","237","362","721","57"
"17097","Illinois","Lake","9,623","1,588","1,002","1,074","3,172","2,787","4,187","2,760","2,676","8,092","1,530"
"17099","Illinois","LaSalle","1,441","324","160","158","469","330","400","408","633","1,328","113"
"17101","Illinois","Lawrence","216","51","27","29","54","55","34","74","108","202","14"
"17103","Illinois","Lee","456","93","52","55","140","116","127","146","183","419","37"
"17105","Illinois","Livingston","485","101","48","63","160","113","149","133","203","441","44"
"17107","Illinois","Logan","417","85","55","41","132","104","138","114","165","377","40"
"17109","Illinois","McDonough","461","91","41","62","152","115","141","130","190","416","45"
"17111","Illinois","McHenry","3,584","712","341","356","1,163","1,012","1,312","932","1,340","3,231","353"
"17113","Illinois","McLean","1,898","381","205","239","591","482","639","574","685","1,697","201"
"17115","Illinois","Macon","1,552","284","171","195","487","415","357","431","764","1,410","142"
"17117","Illinois","Macoupin","861","165","100","103","271","222","216","275","370","797","64"
"17119","Illinois","Madison","5,757","989","588","682","1,806","1,692","1,667","2,055","2,035","5,033","724"
"17121","Illinois","Marion","710","121","86","90","215","198","166","197","347","661","48"
"17123","Illinois","Marshall","185","35","17","16","59","58","49","61","75","174","11"
"17125","Illinois","Mason","268","48","37","24","88","71","70","80","118","244","24"
"17127","Illinois","Massac","311","58","46","39","95","73","75","96","140","285","26"
"17129","Illinois","Menard","255","35","31","38","71","80","86","97","72","232","23"
"17131","Illinois","Mercer","286","65","41","45","84","51","62","91","133","273","13"
"17133","Illinois","Monroe","786","128","80","85","254","239","220","273","293","690","96"
"17135","Illinois","Montgomery","480","80","51","67","152","130","130","130","220","437","42"
"17137","Illinois","Morgan","519","100","60","60","164","135","130","149","240","476","43"
"17139","Illinois","Moultrie","181","21","15","22","55","68","56","37","88","161","20"
"17141","Illinois","Ogle","755","149","80","87","238","201","263","198","294","681","74"
"17143","Illinois","Peoria","2,652","400","232","264","883","873","709","913","1,030","2,359","292"
"17145","Illinois","Perry","348","79","25","35","129","80","94","98","156","317","31"
"17147","Illinois","Piatt","250","44","34","30","81","61","97","64","89","233","17"
"17149","Illinois","Pike","275","61","34","26","94","60","76","75","124","252","23"
"17151","Illinois","Pope","114","34","13","11","31","25","22","38","54",,
"17153","Illinois","Pulaski","117","26",,,"31","31","14","32","71",,
"17155","Illinois","Putnam","80","17",,,"26","17","22","19","39",,
"17157","Illinois","Randolph","478","93","56","64","149","116","127","146","205","441","37"
"17159","Illinois","Richland","227","41","21","26","82","57","61","64","102","213","14"
"17161","Illinois","Rock Island","2,250","418","270","285","713","564","631","745","874","1,988","261"
"17163","Illinois","St. Clair","11,766","1,638","1,133","1,220","3,826","3,949","3,001","5,494","3,271","9,433","2,332"
"17165","Illinois","Saline","500","101","57","59","158","125","120","130","250","471","29"
"17167","Illinois","Sangamon","3,324","604","363","376","1,018","963","1,053","1,109","1,162","2,969","355"
"17169","Illinois","Schuyler","151","25","13","22","50","41","39","40","72","136","15"
"17171","Illinois","Scott","92","14","12","14","30","22","23","28","41",,
"17173","Illinois","Shelby","394","85","46","38","132","93","86","121","187","365","29"
"17175","Illinois","Stark","75","19",,,"20","22","23","18","34",,
"17177","Illinois","Stephenson","575","145","93","64","154","119","144","141","290","521","54"
"17179","Illinois","Tazewell","2,234","360","238","212","707","717","646","704","884","2,037","197"
"17181","Illinois","Union","375","81","57","41","108","88","83","115","177","350","25"
"17183","Illinois","Vermilion","1,422","219","174","193","463","373","315","473","634","1,281","141"
"17185","Illinois","Wabash","154","29","27","24","38","36","38","35","81",,
"17187","Illinois","Warren","244","32","33","41","73","65","65","75","104","231","13"
"17189","Illinois","Washington","286","54","28","31","98","75","68","94","124","250","36"
"17191","Illinois","Wayne","248","55","27","32","74","60","62","65","121","231","17"
"17193","Illinois","White","240","53","24","25","66","72","52","52","136","223","17"
"17195","Illinois","Whiteside","795","169","92","90","258","186","206","250","339","730","65"
"17197","Illinois","Will","7,061","1,231","685","777","2,302","2,066","2,279","2,231","2,551","6,287","774"
"17199","Illinois","Williamson","1,841","403","205","218","558","457","523","594","724","1,664","177"
"17201","Illinois","Winnebago","3,312","698","408","374","1,010","822","959","889","1,464","2,928","384"
"17203","Illinois","Woodford","585","94","60","66","171","194","165","212","208","538","47"
"18001","Indiana","Adams","407","147","75","54","89","42","85","97","225","380","27"
"18003","Indiana","Allen","6,550","2,073","825","883","1,526","1,243","1,894","1,936","2,720","5,937","609"
"18005","Indiana","Bartholomew","1,465","446","191","191","334","303","372","436","657","1,346","119"
"18007","Indiana","Benton","127","23","21","10","50","23","46","40","41",,
"18009","Indiana","Blackford","327","102","44","42","93","46","86","91","150","307","20"
"18011","Indiana","Boone","1,024","277","153","146","259","189","347","320","357","933","91"
"18013","Indiana","Brown","478","154","53","49","124","98","79","152","247","441","37"
"18015","Indiana","Carroll","384","122","42","53","102","65","104","109","171","358","25"
"18017","Indiana","Cass","819","313","103","114","170","119","166","219","434","756","63"
"18019","Indiana","Clark","2,978","876","325","324","821","632","753","1,094","1,131","2,652","326"
"18021","Indiana","Clay","572","130","73","88","165","116","128","217","227","518","54"
"18023","Indiana","Clinton","420","135","53","63","91","78","125","103","192","392","28"
"18025","Indiana","Crawford","312","94","45","30","74","69","54","108","150","297","15"
"18027","Indiana","Daviess","478","134","58","52","120","114","126","151","201","444","34"
"18029","Indiana","Dearborn","1,083","322","179","155","247","180","289","292","502","997","86"
"18031","Indiana","Decatur","374","115","54","57","94","54","88","107","179","353","21"
"18033","Indiana","DeKalb","960","351","128","130","217","134","218","248","494","892","68"
"18035","Indiana","Delaware","1,992","606","281","273","493","339","495","555","942","1,836","156"
"18037","Indiana","Dubois","765","226","91","89","191","168","185","190","390","715","49"
"18039","Indiana","Elkhart","2,094","677","301","272","479","365","533","559","1,002","1,949","145"
"18041","Indiana","Fayette","416","105","51","58","118","84","93","120","203","399","17"
"18043","Indiana","Floyd","1,817","641","266","213","386","311","406","643","768","1,655","162"
"18045","Indiana","Fountain","304","64","32","39","101","68","96","79","129","286","18"
"18047","Indiana","Franklin","414","119","62","57","86","90","110","102","202","389","25"
"18049","Indiana","Fulton","490","203","59","64","105","59","74","122","294","465","24"
"18051","Indiana","Gibson","497","140","66","54","122","115","117","155","225","460","37"
"18053","Indiana","Grant","1,928","633","273","218","459","345","327","564","1,037","1,802","126"
"18055","Indiana","Greene","857","235","116","110","231","165","206","316","335","786","71"
"18057","Indiana","Hamilton","5,002","1,210","646","664","1,324","1,158","1,505","1,890","1,607","4,410","592"
"18059","Indiana","Hancock","2,133","481","268","270","595","519","656","725","752","1,892","241"
"18061","Indiana","Harrison","1,074","348","129","127","280","190","241","350","483","985","89"
"18063","Indiana","Hendricks","3,872","1,096","512","532","995","737","1,148","1,326","1,398","3,510","362"
"18065","Indiana","Henry","932","302","142","133","201","154","193","293","446","876","55"
"18067","Indiana","Howard","2,481","1,005","328","297","506","345","492","757","1,232","2,299","182"
"18069","Indiana","Huntington","885","323","123","119","190","130","210","257","418","825","60"
"18071","Indiana","Jackson","631","189","89","86","167","100","145","217","269","597","34"
"18073","Indiana","Jasper","579","169","67","75","153","115","142","163","274","545","34"
"18075","Indiana","Jay","412","176","63","50","79","44","70","106","236","386","26"
"18077","Indiana","Jefferson","676","276","79","67","149","105","127","215","334","616","60"
"18079","Indiana","Jennings","548","193","79","61","146","69","103","188","257","521","27"
"18081","Indiana","Johnson","3,544","870","434","489","950","801","1,024","1,210","1,310","3,173","370"
"18083","Indiana","Knox","647","179","74","93","161","140","137","180","330","606","41"
"18085","Indiana","Kosciusko","1,009","349","137","126","247","150","236","254","519","945","64"
"18087","Indiana","Lagrange","305","99","34","41","77","54","60","58","187","287","18"
"18089","Indiana","Lake","6,346","1,216","739","768","2,024","1,599","1,648","2,075","2,623","5,695","650"
"18091","Indiana","LaPorte","1,619","388","187","204","447","393","408","485","726","1,501","118"
"18093","Indiana","Lawrence","1,228","359","153","154","341","221","313","443","472","1,132","95"
"18095","Indiana","Madison","2,619","826","348","357","649","439","616","770","1,233","2,413","206"
"18097","Indiana","Marion","13,033","3,464","1,722","1,646","3,591","2,610","3,510","4,256","5,267","11,309","1,724"
"18099","Indiana","Marshall","719","240","91","95","175","118","156","205","358","666","52"
"18101","Indiana","Martin","280","76","32","32","66","74","59","90","131","255","25"
"18103","Indiana","Miami","1,468","646","177","192","285","168","256","451","761","1,333","134"
"18105","Indiana","Monroe","1,886","537","214","276","477","382","557","626","703","1,704","181"
"18107","Indiana","Montgomery","555","159","84","94","130","88","143","158","254","518","37"
"18109","Indiana","Morgan","1,755","507","236","201","448","363","445","579","731","1,620","135"
"18111","Indiana","Newton","246","59","29","28","70","60","60","78","108","236","10"
"18113","Indiana","Noble","855","279","110","131","189","146","186","218","451","807","48"
"18115","Indiana","Ohio","155","55","21","18","40","21","37","43","75","145","10"
"18117","Indiana","Orange","396","133","52","57","85","69","89","108","199","372","24"
"18119","Indiana","Owen","493","119","59","65","150","100","113","143","237","463","30"
"18121","Indiana","Parke","357","110","42","48","75","82","72","110","175","338","19"
"18123","Indiana","Perry","486","171","75","61","109","70","77","152","257","450","36"
"18125","Indiana","Pike","231","53","32","34","61","51","57","70","104","220","11"
"18127","Indiana","Porter","2,781","627","292","302","874","686","836","899","1,046","2,553","228"
"18129","Indiana","Posey","453","94","49","44","156","110","111","136","206","429","24"
"18131","Indiana","Pulaski","212","54","35","26","51","46","41","59","112","201","11"
"18133","Indiana","Putnam","775","226","94","94","200","161","209","230","336","708","67"
"18135","Indiana","Randolph","412","118","60","59","109","66","82","126","204","385","27"
"18137","Indiana","Ripley","606","228","62","80","145","91","102","171","333","568","37"
"18139","Indiana","Rush","245","57","40","36","67","45","65","82","98","223","22"
"18141","Indiana","St. Joseph","3,646","1,161","470","443","853","719","965","955","1,726","3,336","309"
"18143","Indiana","Scott","539","138","74","74","156","97","130","181","228","502","37"
"18145","Indiana","Shelby","871","239","111","125","223","173","239","281","351","779","92"
"18147","Indiana","Spencer","518","199","55","62","122","80","86","144","288","482","36"
"18149","Indiana","Starke","398","95","48","55","113","87","96","100","202","370","28"
"18151","Indiana","Steuben","685","211","84","100","156","134","154","177","354","643","42"
"18153","Indiana","Sullivan","429","134","48","63","104","80","95","136","198","408","21"
"18155","Indiana","Switzerland","207","67","31","22","46","41","40","64","103","190","17"
"18157","Indiana","Tippecanoe","2,088","515","277","285","639","372","741","640","707","1,892","196"
"18159","Indiana","Tipton","352","147","48","42","68","47","48","115","189","334","18"
"18161","Indiana","Union","127","31","21","10","36","29","35","37","55",,
"18163","Indiana","Vanderburgh","2,916","734","333","329","893","627","844","880","1,192","2,629","287"
"18165","Indiana","Vermillion","317","75","35","54","96","57","83","102","132","291","26"
"18167","Indiana","Vigo","2,029","539","284","284","537","385","551","647","831","1,852","176"
"18169","Indiana","Wabash","707","272","106","87","132","110","104","165","438","679","28"
"18171","Indiana","Warren","148","26","27","18","39","38","42","55","51",,
"18173","Indiana","Warrick","1,332","321","153","172","399","287","345","440","547","1,235","97"
"18175","Indiana","Washington","617","199","84","72","147","115","134","204","279","570","46"
"18177","Indiana","Wayne","1,148","257","162","161","320","248","271","363","514","1,057","91"
"18179","Indiana","Wells","595","217","82","83","138","75","153","149","293","562","33"
"18181","Indiana","White","519","161","61","63","133","101","98","150","271","483","36"
"18183","Indiana","Whitley","716","254","108","84","169","101","158","212","346","667","49"
"19001","Iowa","Adair","148","37","23","13","49","26","27","37","84",,
"19003","Iowa","Adams","59","17",,"15",,"12","10","17","32",,
"19005","Iowa","Allamakee","222","55","32","26","55","54","46","56","120","203","19"
"19007","Iowa","Appanoose","248","79","35","35","55","44","30","80","138","230","18"
"19009","Iowa","Audubon","111","31","11","20","33","16","26","35","50","96","15"
"19011","Iowa","Benton","430","105","60","51","107","107","129","124","177","388","42"
"19013","Iowa","Black Hawk","1,789","441","244","280","468","356","415","549","825","1,617","172"
"19015","Iowa","Boone","627","184","76","82","151","134","142","198","287","583","44"
"19017","Iowa","Bremer","402","83","49","49","110","111","102","120","180","380","22"
"19019","Iowa","Buchanan","294","59","41","37","78","79","71","87","136","274","20"
"19021","Iowa","Buena Vista","262","67","37","45","53","60","42","59","161","248","14"
"19023","Iowa","Butler","226","57","26","25","71","47","52","48","126","207","19"
"19025","Iowa","Calhoun","168","57","17","24","39","31","26","47","95",,
"19027","Iowa","Carroll","382","129","58","37","81","77","57","90","235","357","25"
"19029","Iowa","Cass","249","79","32","38","62","38","55","71","123","226","23"
"19031","Iowa","Cedar","323","81","44","35","90","73","86","104","133","293","30"
"19033","Iowa","Cerro Gordo","850","283","126","103","185","153","145","210","495","798","52"
"19035","Iowa","Cherokee","242","93","23","29","51","46","33","61","148","225","17"
"19037","Iowa","Chickasaw","186","52","20","21","53","40","37","56","93","173","13"
"19039","Iowa","Clarke","214","63","26","30","54","41","44","55","115","203","11"
"19041","Iowa","Clay","253","82","39","44","38","50","61","58","134","236","17"
"19043","Iowa","Clayton","322","73","40","47","91","71","63","69","190","300","22"
"19045","Iowa","Clinton","728","145","103","124","209","147","190","223","315","666","62"
"19047","Iowa","Crawford","238","80","45","39","37","37","32","45","161","220","18"
"19049","Iowa","Dallas","1,778","447","214","220","424","473","542","567","669","1,613","163"
"19051","Iowa","Davis","134","43","23","14","30","24","26","35","73","121","13"
"19053","Iowa","Decatur","147","43","26","16","30","32","23","33","91","136","11"
"19055","Iowa","Delaware","224","54","30","34","63","43","47","66","111","210","14"
"19057","Iowa","Des Moines","625","122","85","89","192","137","155","199","271","571","54"
"19059","Iowa","Dickinson","318","97","39","29","72","81","56","76","186","301","17"
"19061","Iowa","Dubuque","1,430","339","187","214","402","288","352","407","670","1,307","123"
"19063","Iowa","Emmet","211","76","18","26","44","47","43","45","123","198","13"
"19065","Iowa","Fayette","278","73","42","39","66","58","63","85","130","251","27"
"19067","Iowa","Floyd","323","92","43","38","93","57","52","94","177","305","18"
"19069","Iowa","Franklin","159","43","18","19","45","34","25","41","93",,
"19071","Iowa","Fremont","213","57","24","28","60","44","41","67","105","199","14"
"19073","Iowa","Greene","178","34","22","37","50","35","31","54","93","164","14"
"19075","Iowa","Grundy","202","52","33","28","51","38","48","64","90","185","17"
"19077","Iowa","Guthrie","241","75","35","34","47","50","35","67","139","226","15"
"19079","Iowa","Hamilton","302","96","38","33","76","59","55","67","180","282","20"
"19081","Iowa","Hancock","200","64","31","29","45","31","39","39","122",,
"19083","Iowa","Hardin","293","85","43","41","67","57","83","66","144","279","14"
"19085","Iowa","Harrison","417","132","50","58","101","76","81","119","217","393","24"
"19087","Iowa","Henry","292","58","44","41","84","65","66","96","130","271","21"
"19089","Iowa","Howard","172","62","30","19","34","27","23","38","111","155","16"
"19091","Iowa","Humboldt","169","55","21","19","42","32","40","40","89",,
"19093","Iowa","Ida","123","30","18","16","35","24","27","31","65",,
"19095","Iowa","Iowa","259","53","26","40","75","65","72","73","114","238","21"
"19097","Iowa","Jackson","372","89","48","56","92","87","68","116","188","352","20"
"19099","Iowa","Jasper","750","221","85","118","194","132","162","231","357","685","65"
"19101","Iowa","Jefferson","178","33","21","23","51","50","44","50","84","163","15"
"19103","Iowa","Johnson","1,522","333","190","226","424","349","538","445","539","1,346","176"
"19105","Iowa","Jones","350","79","46","48","75","102","97","90","163","324","26"
"19107","Iowa","Keokuk","148","27","19","20","47","35","28","48","72","131","17"
"19109","Iowa","Kossuth","271","74","40","33","71","53","39","80","152","250","21"
"19111","Iowa","Lee","562","120","80","73","163","126","150","176","236","526","36"
"19113","Iowa","Linn","3,187","687","403","451","931","715","969","960","1,258","2,848","339"
"19115","Iowa","Louisa","146","26","18","33","43","26","24","42","80","135","11"
"19117","Iowa","Lucas","175","51","25","21","46","32","53","45","77","164","11"
"19119","Iowa","Lyon","166","57","22","20","43","24","33","41","92","153","13"
"19121","Iowa","Madison","374","95","49","47","100","83","90","115","169","346","28"
"19123","Iowa","Mahaska","273","63","36","32","68","74","55","84","134","257","16"
"19125","Iowa","Marion","650","196","75","81","157","141","133","186","331","596","54"
"19127","Iowa","Marshall","724","207","109","93","154","161","117","186","421","681","43"
"19129","Iowa","Mills","594","125","73","86","156","154","136","212","246","529","65"
"19131","Iowa","Mitchell","177","52","20","23","48","34","42","39","96","166","11"
"19133","Iowa","Monona","190","58","29","31","32","40","45","34","111","174","16"
"19135","Iowa","Monroe","179","50","21","31","38","39","23","48","108",,
"19137","Iowa","Montgomery","228","73","30","27","52","46","34","75","119","214","14"
"19139","Iowa","Muscatine","567","142","73","68","160","124","140","193","234","528","39"
"19141","Iowa","O'Brien","217","87","27","29","38","36","40","50","127","207","10"
"19143","Iowa","Osceola","92","26","20","12","12","22","11","27","54",,
"19145","Iowa","Page","306","82","41","45","79","59","60","86","160","276","30"
"19147","Iowa","Palo Alto","173","55","27","21","44","26","24","38","111","163","10"
"19149","Iowa","Plymouth","425","138","63","53","97","74","93","105","227","390","35"
"19151","Iowa","Pocahontas","104","26","20","14","26","18","21","32","51",,
"19153","Iowa","Polk","7,965","2,131","1,057","1,037","1,958","1,782","2,212","2,475","3,278","7,175","788"
"19155","Iowa","Pottawattamie","2,274","697","298","341","535","403","510","629","1,135","2,097","177"
"19157","Iowa","Poweshiek","291","80","35","45","80","51","48","78","165","275","16"
"19159","Iowa","Ringgold","106","30","19","11","25","21","13","19","74","95","11"
"19161","Iowa","Sac","190","72","29","28","32","29","18","39","133","178","12"
"19163","Iowa","Scott","3,149","646","373","404","941","785","924","1,182","1,043","2,767","381"
"19165","Iowa","Shelby","269","72","38","34","72","53","52","82","135","253","16"
"19167","Iowa","Sioux","363","109","41","63","78","72","62","59","242","342","21"
"19169","Iowa","Story","1,101","332","156","158","266","189","341","280","480","1,009","92"
"19171","Iowa","Tama","274","74","37","28","72","63","71","70","133","245","29"
"19173","Iowa","Taylor","114","41","15","10","28","20","22","28","64","102","11"
"19175","Iowa","Union","228","65","37","31","52","43","42","65","121","216","12"
"19177","Iowa","Van Buren","138","36",,,"42","36","16","48","74","128","10"
"19179","Iowa","Wapello","495","124","58","76","131","106","87","142","266","461","34"
"19181","Iowa","Warren","1,346","343","169","169","355","310","391","404","551","1,216","129"
"19183","Iowa","Washington","328","61","40","52","106","69","81","114","133","297","31"
"19185","Iowa","Wayne","116","35","16","14","31","20","25","37","54","105","10"
"19187","Iowa","Webster","731","258","103","94","143","133","132","188","411","697","34"
"19189","Iowa","Winnebago","204","72","33","29","41","29","37","57","110","194","10"
"19191","Iowa","Winneshiek","307","86","41","38","78","64","53","57","197","285","21"
"19193","Iowa","Woodbury","1,606","501","220","221","360","304","353","466","787","1,460","146"
"19195","Iowa","Worth","172","58","20","17","45","32","30","44","98",,
"19197","Iowa","Wright","226","92","30","32","46","26","42","50","134","216","10"
"20001","Kansas","Allen","175","31","20","24","64","36","46","50","79","160","15"
"20003","Kansas","Anderson","109","31",,,"30","30","24","31","54",,
"20005","Kansas","Atchison","278","56","34","34","87","67","53","97","128","260","18"
"20007","Kansas","Barber","61",,"16",,"12","13","11","12","38",,
"20009","Kansas","Barton","324","75","34","42","97","76","66","91","167","301","23"
"20011","Kansas","Bourbon","198","45","29","29","57","38","39","69","90","184","14"
"20013","Kansas","Brown","167","40","15","15","54","43","36","48","83",,
"20015","Kansas","Butler","1,560","288","172","183","489","428","490","555","515","1,387","173"
"20017","Kansas","Chase","31",,,,,,,,"12",,
"20019","Kansas","Chautauqua","62","16","10","13","13","10","10","18","34",,
"20021","Kansas","Cherokee","336","71","46","46","100","73","89","102","145","308","28"
"20023","Kansas","Cheyenne","39",,"10",,"12",,,,"28",,
"20025","Kansas","Clark","28",,,,,,,,"14",,
"20027","Kansas","Clay","382","35","40","46","136","125","97","172","113","336","46"
"20029","Kansas","Cloud","154","34","16","22","41","41","31","57","66","140","14"
"20031","Kansas","Coffey","152","41","27","13","41","30","40","51","61","140","12"
"20033","Kansas","Comanche","18",,,,,,,,,,
"20035","Kansas","Cowley","583","125","64","72","177","145","151","194","238","538","45"
"20037","Kansas","Crawford","452","90","53","58","154","97","128","139","185","417","35"
"20039","Kansas","Decatur","43",,,,"12","10",,,"27",,
"20041","Kansas","Dickinson","956","123","73","104","340","316","273","424","259","849","107"
"20043","Kansas","Doniphan","145","38","13","24","42","28","40","42","63","132","13"
"20045","Kansas","Douglas","1,392","274","139","183","448","348","468","424","500","1,238","154"
"20047","Kansas","Edwards","32",,,,,"10",,,"20",,
"20049","Kansas","Elk","64",,"12",,"17","17","10","20","34",,
"20051","Kansas","Ellis","365","90","49","45","107","74","89","83","193","345","20"
"20053","Kansas","Ellsworth","123","21","19","16","33","34","27","46","50",,
"20055","Kansas","Finney","244","59","34","30","56","65","83","64","97","220","24"
"20057","Kansas","Ford","232","56","29","17","78","52","68","70","94","211","21"
"20059","Kansas","Franklin","441","88","44","56","141","112","129","140","172","405","36"
"20061","Kansas","Geary","3,306","333","250","365","1,181","1,177","1,429","1,236","641","2,650","656"
"20063","Kansas","Gove","37","13",,,,,,,"27",,
"20065","Kansas","Graham","41","10",,,"12",,"10","10","21",,
"20067","Kansas","Grant","51",,,,"20","12","16","12","23",,
"20069","Kansas","Gray","65",,"13",,"12","26",,,"49",,
"20071","Kansas","Greeley","12",,,,,,,,,,
"20073","Kansas","Greenwood","118","17","18","20","33","30","22","35","61","105","13"
"20075","Kansas","Hamilton","22",,,,,,,,"11",,
"20077","Kansas","Harper","63","12",,,"28","11","13","17","33",,
"20079","Kansas","Harvey","522","112","67","69","144","130","174","154","194","470","52"
"20081","Kansas","Haskell","22",,,,,"10",,,,,
"20083","Kansas","Hodgeman","17",,,,,,,,,,
"20085","Kansas","Jackson","324","59","42","42","100","81","74","97","153","293","31"
"20087","Kansas","Jefferson","484","70","54","54","160","146","110","168","206","438","46"
"20089","Kansas","Jewell","44","12",,,"11",,,,"23",,
"20091","Kansas","Johnson","7,127","1,553","872","884","2,104","1,714","2,312","2,225","2,590","6,419","708"
"20093","Kansas","Kearny","36",,,,,"10",,,"18",,
"20095","Kansas","Kingman","119","27","18","17","29","28","40","28","51",,
"20097","Kansas","Kiowa","26",,,,,"11",,,,,
"20099","Kansas","Labette","302","63","36","37","94","72","65","99","138","267","35"
"20101","Kansas","Lane","24","10",,,,,,,,,
"20103","Kansas","Leavenworth","4,767","775","522","579","1,412","1,479","1,046","2,106","1,615","4,074","692"
"20105","Kansas","Lincoln","46",,,,"20","12","10","14","22",,
"20107","Kansas","Linn","193","44","23","24","65","37","37","62","94","181","12"
"20109","Kansas","Logan","46","12",,,"14",,,,"23",,
"20111","Kansas","Lyon","419","90","58","62","116","93","112","107","200","381","38"
"20113","Kansas","McPherson","417","101","51","47","113","105","110","133","174","378","39"
"20115","Kansas","Marion","163","41","14","23","44","41","41","50","72","149","14"
"20117","Kansas","Marshall","209","51","32","31","52","43","50","59","100","194","15"
"20119","Kansas","Meade","46","11",,,"12","11",,,"22",,
"20121","Kansas","Miami","584","129","70","61","191","133","187","160","236","542","42"
"20123","Kansas","Mitchell","98","32",,,"24","20","28","17","53",,
"20125","Kansas","Montgomery","569","132","68","65","170","134","131","171","267","529","40"
"20127","Kansas","Morris","191","28","20","24","65","54","46","69","76","167","24"
"20129","Kansas","Morton","27",,,,,,,,"15",,
"20131","Kansas","Nemaha","129","32","19","14","40","24","22","31","76",,
"20133","Kansas","Neosho","180","29","21","25","63","42","48","49","83","161","19"
"20135","Kansas","Ness","43",,,,"13","10",,,"27",,
"20137","Kansas","Norton","73","19",,,"18","16","16","24","33",,
"20139","Kansas","Osage","401","57","51","57","124","112","94","153","154","361","40"
"20141","Kansas","Osborne","42","12",,,"14",,,,"24",,
"20143","Kansas","Ottawa","106","24",,,"32","31","30","29","47",,
"20145","Kansas","Pawnee","92","26",,,"26","19","24","25","43",,
"20147","Kansas","Phillips","96","28",,,"23","22","17","26","53",,
"20149","Kansas","Pottawatomie","897","109","101","94","315","278","295","371","231","771","126"
"20151","Kansas","Pratt","117","23","17","19","39","19","37","36","44","103","14"
"20153","Kansas","Rawlins","34",,,"10",,,,,"18",,
"20155","Kansas","Reno","951","178","133","132","262","246","231","287","433","872","79"
"20157","Kansas","Republic","82",,,"19","26","16","20","17","45",,
"20159","Kansas","Rice","139","36","15","18","45","25","38","44","57","123","16"
"20161","Kansas","Riley","2,641","405","241","324","923","748","1,292","816","533","2,181","459"
"20163","Kansas","Rooks","79","19","16",,"22",,"14","15","50",,
"20165","Kansas","Rush","49","14",,,"12","10","10","12","27",,
"20167","Kansas","Russell","121","22","18","22","29","30","20","32","69",,
"20169","Kansas","Saline","998","233","131","121","276","237","247","303","448","917","81"
"20171","Kansas","Scott","47","19",,,,"11",,,"29",,
"20173","Kansas","Sedgwick","10,177","2,018","1,128","1,245","2,993","2,793","3,268","3,488","3,421","8,964","1,212"
"20175","Kansas","Seward","109","25","14","13","34","23","34","22","53",,
"20177","Kansas","Shawnee","3,976","710","404","494","1,266","1,102","1,013","1,351","1,612","3,506","470"
"20179","Kansas","Sheridan","37",,,,"12",,,,"19",,
"20181","Kansas","Sherman","93","34","11","11","24","13","20","21","52",,
"20183","Kansas","Smith","80","22","10","13","20","15","13","18","49",,
"20185","Kansas","Stafford","50","12",,,"14","10","14","12","24",,
"20187","Kansas","Stanton","12",,,,,,,,,,
"20189","Kansas","Stevens","34",,,,"10",,,"14",,,
"20191","Kansas","Sumner","444","94","40","52","140","118","111","147","186","392","52"
"20193","Kansas","Thomas","94","34",,,"24","18","14","20","60",,
"20195","Kansas","Trego","53",,"11",,"14","15",,,"31",,
"20197","Kansas","Wabaunsee","170","30","16","21","45","58","38","61","71","158","11"
"20199","Kansas","Wallace","27",,,,,,,,"17",,
"20201","Kansas","Washington","77","20",,,"25","15","13","24","40",,
"20203","Kansas","Wichita","13",,,,,,,,,,
"20205","Kansas","Wilson","147","32","22","20","39","34","31","44","72",,
"20207","Kansas","Woodson","44",,,,"16","10","12","12","20",,
"20209","Kansas","Wyandotte","2,011","418","216","249","638","490","509","632","870","1,809","202"
"21001","Kentucky","Adair","339","73","33","45","103","85","79","103","157","311","28"
"21003","Kentucky","Allen","442","83","48","48","146","117","125","138","179","399","43"
"21005","Kentucky","Anderson","497","104","62","52","142","137","130","180","187","441","56"
"21007","Kentucky","Ballard","156","40","16","14","49","37","39","39","78","146","10"
"21009","Kentucky","Barren","757","127","76","95","241","218","196","252","309","692","65"
"21011","Kentucky","Bath","187","37","28","21","58","43","32","57","98","172","15"
"21013","Kentucky","Bell","354","68","32","44","97","113","82","90","182","337","17"
"21015","Kentucky","Boone","2,522","594","331","356","699","542","814","803","905","2,281","241"
"21017","Kentucky","Bourbon","330","74","37","40","96","83","82","112","136","299","31"
"21019","Kentucky","Boyd","1,013","237","92","116","294","274","197","363","453","947","66"
"21021","Kentucky","Boyle","501","108","55","52","165","121","127","176","198","457","44"
"21023","Kentucky","Bracken","144","38","21","14","37","34","26","43","75",,
"21025","Kentucky","Breathitt","151","29","11","13","46","52","31","41","79",,
"21027","Kentucky","Breckinridge","557","80","69","77","177","154","107","206","244","505","52"
"21029","Kentucky","Bullitt","1,779","448","244","232","477","378","396","708","675","1,628","150"
"21031","Kentucky","Butler","287","63","25","34","73","92","63","94","130","265","22"
"21033","Kentucky","Caldwell","269","37","29","38","83","82","70","93","106","253","16"
"21035","Kentucky","Calloway","662","111","64","80","226","181","193","200","269","606","56"
"21037","Kentucky","Campbell","1,321","365","182","183","342","249","363","388","570","1,203","117"
"21039","Kentucky","Carlisle","77","21",,,"20","21","18","24","35",,
"21041","Kentucky","Carroll","148","45","14","22","36","31","35","39","74",,
"21043","Kentucky","Carter","443","85","51","43","127","137","85","143","215","414","29"
"21045","Kentucky","Casey","272","59","21","42","77","73","46","84","142","254","18"
"21047","Kentucky","Christian","3,825","558","393","407","1,335","1,132","1,791","1,247","787","3,198","627"
"21049","Kentucky","Clark","732","152","87","98","238","157","203","237","292","642","90"
"21051","Kentucky","Clay","218","35","29","27","74","53","50","72","96","201","17"
"21053","Kentucky","Clinton","143","24","21","19","41","38","25","35","83",,
"21055","Kentucky","Crittenden","174","25","18","27","57","47","45","53","76","157","17"
"21057","Kentucky","Cumberland","127","29","12","18","34","34","19","36","72",,
"21059","Kentucky","Daviess","1,713","348","185","203","546","431","432","569","712","1,596","117"
"21061","Kentucky","Edmonson","272","51","26","44","72","79","63","90","119","248","24"
"21063","Kentucky","Elliott","82","18",,,"23","25","26","30","26",,
"21065","Kentucky","Estill","238","41","22","28","83","64","72","86","80","215","23"
"21067","Kentucky","Fayette","3,985","845","514","480","1,193","953","1,147","1,351","1,487","3,485","500"
"21069","Kentucky","Fleming","253","48","24","46","75","60","55","88","110","237","16"
"21071","Kentucky","Floyd","434","65","43","43","140","143","82","117","235","415","19"
"21073","Kentucky","Franklin","880","196","110","106","263","205","215","318","347","762","118"
"21075","Kentucky","Fulton","106","26",,,"40","23","25","26","55",,
"21077","Kentucky","Gallatin","146","40","27","28","30","21","33","48","65",,
"21079","Kentucky","Garrard","400","72","42","55","140","91","101","151","148","356","44"
"21081","Kentucky","Grant","429","120","39","74","109","87","143","114","172","400","29"
"21083","Kentucky","Graves","609","134","71","73","176","155","146","207","256","555","54"
"21085","Kentucky","Grayson","565","98","65","57","177","168","108","220","237","511","54"
"21087","Kentucky","Green","197","41","27","31","56","42","51","59","87","180","17"
"21089","Kentucky","Greenup","769","165","92","98","212","202","155","234","380","733","36"
"21091","Kentucky","Hancock","169","44","21","18","42","44","35","65","69","157","12"
"21093","Kentucky","Hardin","8,140","1,124","774","929","2,397","2,916","1,647","3,824","2,669","6,799","1,341"
"21095","Kentucky","Harlan","429","67","31","44","142","145","79","121","229","414","15"
"21097","Kentucky","Harrison","322","66","45","47","97","67","63","104","155","299","23"
"21099","Kentucky","Hart","353","63","39","46","111","94","89","125","139","321","32"
"21101","Kentucky","Henderson","654","148","71","90","200","145","154","215","285","599","55"
"21103","Kentucky","Henry","267","56","39","30","83","59","71","75","121","242","25"
"21105","Kentucky","Hickman","85",,,"14","24","28","19","27","39",,
"21107","Kentucky","Hopkins","909","166","82","109","295","257","206","310","393","838","71"
"21109","Kentucky","Jackson","193","25","21","35","52","60","49","62","82","175","18"
"21111","Kentucky","Jefferson","10,868","2,810","1,527","1,471","2,859","2,201","2,503","3,778","4,587","9,517","1,350"
"21113","Kentucky","Jessamine","799","160","85","112","237","205","223","265","311","730","69"
"21115","Kentucky","Johnson","401","79","34","34","119","135","77","109","215","386","15"
"21117","Kentucky","Kenton","2,391","655","362","314","608","452","737","687","967","2,197","194"
"21119","Kentucky","Knott","224","40","21","17","80","66","38","43","143",,
"21121","Kentucky","Knox","483","91","42","61","174","115","117","157","209","456","27"
"21123","Kentucky","Larue","376","77","48","48","99","104","72","149","155","333","43"
"21125","Kentucky","Laurel","1,188","226","130","142","347","343","287","379","522","1,119","69"
"21127","Kentucky","Lawrence","269","43","25","38","79","84","52","82","135","255","14"
"21129","Kentucky","Lee","129","23","12","14","48","32","21","39","69","118","11"
"21131","Kentucky","Leslie","108","24","12","12","32","28","15","34","59",,
"21133","Kentucky","Letcher","279","53","28","34","93","71","33","73","173",,
"21135","Kentucky","Lewis","217","60","18","28","64","47","33","78","106","197","19"
"21137","Kentucky","Lincoln","459","73","46","68","147","125","103","157","199","425","34"
"21139","Kentucky","Livingston","162","32","21","16","50","43","35","56","71","147","15"
"21141","Kentucky","Logan","514","112","47","61","149","145","145","156","213","465","49"
"21143","Kentucky","Lyon","205","38","19","30","60","58","34","82","89","187","18"
"21145","Kentucky","McCracken","1,221","272","150","153","357","289","314","375","532","1,102","119"
"21147","Kentucky","McCreary","335","53","36","37","111","98","79","103","153","322","13"
"21149","Kentucky","McLean","117","23",,,"33","40","26","27","64",,
"21151","Kentucky","Madison","2,211","382","245","274","684","626","737","788","686","1,998","213"
"21153","Kentucky","Magoffin","105","25",,,"29","29","22","27","56",,
"21155","Kentucky","Marion","285","68","19","41","85","72","47","105","133","256","29"
"21157","Kentucky","Marshall","686","150","69","86","203","178","165","215","306","640","46"
"21159","Kentucky","Martin","101",,,"16","35","26","15","25","61",,
"21161","Kentucky","Mason","236","49","31","36","68","52","45","80","111","220","16"
"21163","Kentucky","Meade","1,867","311","171","192","577","616","432","878","557","1,610","257"
"21165","Kentucky","Menifee","111","19",,,"43","30","23","45","43",,
"21167","Kentucky","Mercer","470","83","46","58","142","141","127","182","161","418","52"
"21169","Kentucky","Metcalfe","137","29","17","14","38","39","36","38","63","122","15"
"21171","Kentucky","Monroe","144","21","18","17","47","41","30","51","63",,
"21173","Kentucky","Montgomery","496","99","61","81","143","112","141","169","186","466","30"
"21175","Kentucky","Morgan","195","33","23","26","55","58","43","52","100","184","11"
"21177","Kentucky","Muhlenberg","489","79","47","68","146","149","114","156","219","456","33"
"21179","Kentucky","Nelson","997","242","113","136","278","228","224","350","423","916","81"
"21181","Kentucky","Nicholas","131","24","21","21","32","33","30","44","57",,
"21183","Kentucky","Ohio","401","66","35","49","130","121","89","114","198","377","24"
"21185","Kentucky","Oldham","1,295","319","152","181","334","309","329","533","433","1,170","125"
"21187","Kentucky","Owen","170","36","22","23","52","37","48","57","65","159","11"
"21189","Kentucky","Owsley","53",,,,"13","25",,,"23",,
"21191","Kentucky","Pendleton","261","67","36","34","70","54","69","82","110","240","21"
"21193","Kentucky","Perry","438","95","49","50","124","120","55","128","255","422","16"
"21195","Kentucky","Pike","778","129","79","107","249","214","143","235","400","748","29"
"21197","Kentucky","Powell","241","48","26","27","77","63","58","77","106","229","12"
"21199","Kentucky","Pulaski","1,565","287","164","193","513","408","364","499","702","1,450","115"
"21201","Kentucky","Robertson","52","10",,,"19","12","11","18","23",,
"21203","Kentucky","Rockcastle","296","46","31","40","103","76","73","91","132","275","21"
"21205","Kentucky","Rowan","339","77","36","44","103","79","94","95","150","310","29"
"21207","Kentucky","Russell","322","72","39","38","86","87","56","89","177","302","20"
"21209","Kentucky","Scott","1,025","182","123","127","310","283","336","372","317","913","112"
"21211","Kentucky","Shelby","862","188","103","121","235","215","234","300","328","779","83"
"21213","Kentucky","Simpson","415","80","37","46","149","103","102","139","174","376","39"
"21215","Kentucky","Spencer","457","100","58","64","130","105","118","185","154","412","45"
"21217","Kentucky","Taylor","409","83","44","55","129","98","86","141","182","381","28"
"21219","Kentucky","Todd","313","43","30","32","96","112","91","116","106","285","28"
"21221","Kentucky","Trigg","637","106","55","70","193","213","147","279","211","562","75"
"21223","Kentucky","Trimble","173","39","21","23","49","41","35","53","85","161","12"
"21225","Kentucky","Union","218","42","22","27","68","59","50","57","111","204","14"
"21227","Kentucky","Warren","2,201","445","209","236","708","603","653","739","809","1,999","202"
"21229","Kentucky","Washington","186","43","21","27","51","44","38","67","81","168","18"
"21231","Kentucky","Wayne","357","64","37","44","110","102","62","114","181","339","17"
"21233","Kentucky","Webster","167","36","14","20","51","46","25","47","95",,
"21235","Kentucky","Whitley","632","87","63","75","215","192","145","192","295","596","36"
"21237","Kentucky","Wolfe","97",,"16",,"37","25","30","26","41",,
"21239","Kentucky","Woodford","418","84","63","56","121","94","114","149","155","369","49"
"22001","Louisiana","Acadia","867","183","92","108","250","234","226","278","363","805","61"
"22003","Louisiana","Allen","418","74","33","61","122","128","84","132","202","387","31"
"22005","Louisiana","Ascension","2,192","394","187","277","671","663","644","844","704","1,900","292"
"22007","Louisiana","Assumption","258","54","24","20","92","68","35","85","138","237","21"
"22009","Louisiana","Avoyelles","839","132","64","96","289","258","159","318","362","763","76"
"22011","Louisiana","Beauregard","1,566","188","101","157","490","630","430","601","535","1,363","203"
"22013","Louisiana","Bienville","283","46","31","34","86","86","41","104","138","247","36"
"22015","Louisiana","Bossier","5,963","806","517","717","1,871","2,052","1,593","2,585","1,784","4,956","1,006"
"22017","Louisiana","Caddo","5,639","948","508","731","1,813","1,639","1,274","2,164","2,201","4,736","903"
"22019","Louisiana","Calcasieu","3,568","655","381","401","1,153","978","996","1,159","1,413","3,209","359"
"22021","Louisiana","Caldwell","163","26","21","13","60","43","34","41","88","150","13"
"22023","Louisiana","Cameron","71","13",,,"21","20","18","29","24",,
"22025","Louisiana","Catahoula","126","21","14","17","37","37","14","48","64","116","10"
"22027","Louisiana","Claiborne","264","48","28","34","87","67","46","80","138","245","19"
"22029","Louisiana","Concordia","301","49","33","32","105","82","59","99","143","271","30"
"22031","Louisiana","De Soto","592","100","45","75","179","193","149","207","236","522","70"
"22033","Louisiana","East Baton Rouge","6,382","1,431","660","668","1,923","1,700","1,684","2,132","2,566","5,451","931"
"22035","Louisiana","East Carroll","53",,,,"16","15",,,"28",,
"22037","Louisiana","East Feliciana","352","72","29","41","123","87","55","105","192","321","31"
"22039","Louisiana","Evangeline","493","110","46","59","160","118","120","178","195","448","45"
"22041","Louisiana","Franklin","247","43","20","32","89","63","51","70","126","232","15"
"22043","Louisiana","Grant","567","90","41","56","208","172","135","195","237","509","58"
"22045","Louisiana","Iberia","1,080","230","121","115","333","281","190","350","540","967","113"
"22047","Louisiana","Iberville","405","86","40","51","143","85","76","146","183","363","42"
"22049","Louisiana","Jackson","255","38","36","25","78","78","43","99","113","230","25"
"22051","Louisiana","Jefferson","5,900","1,212","627","722","1,778","1,561","1,351","2,099","2,450","5,073","827"
"22053","Louisiana","Jefferson Davis","493","96","51","50","155","141","127","157","209","449","44"
"22055","Louisiana","Lafayette","4,569","894","414","503","1,373","1,385","1,461","1,573","1,535","3,953","616"
"22057","Louisiana","Lafourche","1,050","186","108","122","349","285","309","294","447","928","121"
"22059","Louisiana","LaSalle","218","29","19","27","66","77","47","73","98","205","13"
"22061","Louisiana","Lincoln","601","96","63","71","201","170","175","184","242","537","64"
"22063","Louisiana","Livingston","2,417","446","234","327","797","613","846","801","770","2,150","267"
"22065","Louisiana","Madison","123","31","20","15","33","24",,,"75",,
"22067","Louisiana","Morehouse","450","79","46","55","161","109","81","151","218","412","38"
"22069","Louisiana","Natchitoches","702","99","73","90","241","199","153","231","318","638","64"
"22071","Louisiana","Orleans","5,436","995","540","640","1,762","1,499","1,229","1,962","2,245","4,595","841"
"22073","Louisiana","Ouachita","2,733","359","247","335","924","868","756","892","1,085","2,429","304"
"22075","Louisiana","Plaquemines","583","103","64","50","165","201","184","283","116","470","113"
"22077","Louisiana","Pointe Coupee","324","77","43","36","92","76","57","74","193","302","22"
"22079","Louisiana","Rapides","3,983","548","308","407","1,283","1,437","940","1,422","1,621","3,472","511"
"22081","Louisiana","Red River","103",,,,"36","43","16","42","45",,
"22083","Louisiana","Richland","287","38","23","32","107","87","66","112","109","251","36"
"22085","Louisiana","Sabine","506","97","47","67","141","154","89","155","262","466","39"
"22087","Louisiana","St. Bernard","619","120","59","79","183","178","205","217","197","525","92"
"22089","Louisiana","St. Charles","829","179","95","107","240","208","189","311","329","728","100"
"22091","Louisiana","St. Helena","176","31","18","11","71","45","35","58","83","154","22"
"22093","Louisiana","St. James","277","54","28","44","93","58","22","89","166","249","28"
"22095","Louisiana","St. John the Baptist","771","135","72","96","245","223","128","262","381","674","97"
"22097","Louisiana","St. Landry","1,567","322","154","202","458","431","335","557","675","1,406","161"
"22099","Louisiana","St. Martin","940","184","81","89","309","277","231","316","393","863","77"
"22101","Louisiana","St. Mary","705","180","70","73","219","163","134","220","351","634","71"
"22103","Louisiana","St. Tammany","7,061","1,345","612","799","2,173","2,132","1,907","2,718","2,436","6,111","950"
"22105","Louisiana","Tangipahoa","2,555","483","219","282","829","742","703","867","985","2,240","315"
"22107","Louisiana","Tensas","48",,,,"20","11","11","11","26",,
"22109","Louisiana","Terrebonne","1,364","266","156","178","415","349","383","453","528","1,218","146"
"22111","Louisiana","Union","406","72","38","43","136","117","65","108","233","376","30"
"22113","Louisiana","Vermilion","885","196","82","109","271","227","272","288","325","816","69"
"22115","Louisiana","Vernon","3,476","425","256","331","998","1,466","1,182","1,387","907","2,915","561"
"22117","Louisiana","Washington","858","150","74","103","309","222","192","272","394","774","83"
"22119","Louisiana","Webster","771","119","75","100","253","224","174","269","328","684","87"
"22121","Louisiana","West Baton Rouge","424","73","42","50","139","120","111","134","179","385","39"
"22123","Louisiana","West Carroll","145","26","19","26","44","30","24","45","76",,
"22125","Louisiana","West Feliciana","168","44","16","13","62","33","46","46","76","156","12"
"22127","Louisiana","Winn","231","37","16","28","88","62","44","71","116","211","20"
"23001","Maine","Androscoggin","2,777","579","330","361","864","643","654","875","1,248","2,534","243"
"23003","Maine","Aroostook","2,199","409","214","229","783","564","395","716","1,088","2,014","185"
"23005","Maine","Cumberland","5,037","1,057","618","593","1,590","1,179","1,234","1,559","2,244","4,503","532"
"23007","Maine","Franklin","788","144","69","92","270","213","204","230","354","704","84"
"23009","Maine","Hancock","1,223","244","140","146","381","312","256","396","571","1,103","119"
"23011","Maine","Kennebec","4,221","778","404","458","1,401","1,180","959","1,475","1,787","3,730","491"
"23013","Maine","Knox","920","208","104","113","290","205","180","263","477","822","97"
"23015","Maine","Lincoln","1,013","219","119","104","324","247","199","293","521","908","105"
"23017","Maine","Oxford","1,445","311","144","172","458","360","309","459","677","1,329","115"
"23019","Maine","Penobscot","4,281","832","412","470","1,373","1,194","1,008","1,457","1,816","3,839","442"
"23021","Maine","Piscataquis","596","104","62","63","217","150","113","176","307","533","63"
"23023","Maine","Sagadahoc","1,209","271","138","140","369","291","222","424","563","1,083","126"
"23025","Maine","Somerset","1,616","326","176","148","529","437","358","525","733","1,474","142"
"23027","Maine","Waldo","1,093","187","115","143","331","317","242","339","512","989","104"
"23029","Maine","Washington","1,093","203","106","102","369","313","183","376","534","974","119"
"23031","Maine","York","4,799","1,036","557","591","1,528","1,087","1,264","1,512","2,023","4,314","484"
"24001","Maryland","Allegany","1,071","224","133","150","298","266","254","330","487","1,004","67"
"24003","Maryland","Anne Arundel","19,277","2,753","2,046","2,352","5,682","6,444","6,597","8,278","4,402","14,904","4,372"
"24005","Maryland","Baltimore","10,064","1,919","1,106","1,268","2,899","2,872","2,837","3,649","3,578","8,391","1,671"
"24009","Maryland","Calvert","3,523","544","346","419","1,022","1,192","1,143","1,677","703","2,929","594"
"24011","Maryland","Caroline","509","108","61","63","151","126","166","153","190","430","79"
"24013","Maryland","Carroll","3,015","623","362","382","854","794","1,018","1,056","941","2,656","359"
"24015","Maryland","Cecil","2,463","429","247","257","722","808","647","976","840","2,140","323"
"24017","Maryland","Charles","8,768","1,005","759","852","2,427","3,725","2,223","4,636","1,909","6,432","2,336"
"24019","Maryland","Dorchester","551","82","63","76","167","163","115","160","276","488","63"
"24021","Maryland","Frederick","5,865","1,007","606","727","1,739","1,786","2,006","2,346","1,513","4,882","983"
"24023","Maryland","Garrett","451","78","59","64","113","137","82","135","234","419","32"
"24025","Maryland","Harford","6,682","1,032","659","788","1,885","2,318","1,739","2,827","2,116","5,608","1,073"
"24027","Maryland","Howard","5,521","889","644","692","1,560","1,736","1,961","2,367","1,192","4,289","1,231"
"24029","Maryland","Kent","275","55","40","40","62","78","61","72","142","255","20"
"24031","Maryland","Montgomery","10,228","1,764","1,277","1,190","2,960","3,037","3,306","3,970","2,952","8,070","2,157"
"24033","Maryland","Prince George's","22,973","3,058","2,000","2,345","6,389","9,181","5,427","9,903","7,643","17,414","5,555"
"24035","Maryland","Queen Anne's","1,031","185","116","143","293","294","318","397","316","905","126"
"24037","Maryland","St. Mary's","6,141","946","665","788","1,778","1,964","2,050","2,875","1,216","5,213","928"
"24039","Maryland","Somerset","403","57","43","49","142","112","87","119","197","375","28"
"24041","Maryland","Talbot","553","123","63","78","154","135","112","158","283","496","56"
"24043","Maryland","Washington","2,727","530","355","380","731","731","816","990","921","2,374","353"
"24045","Maryland","Wicomico","1,603","272","170","206","507","448","424","520","659","1,386","217"
"24047","Maryland","Worcester","867","144","114","97","272","240","197","270","400","779","87"
"24510","Maryland","Baltimore City","6,691","1,318","742","839","1,985","1,807","2,005","2,238","2,448","5,460","1,229"
"25001","Massachusetts","Barnstable","4,155","1,296","512","536","967","844","581","942","2,632","3,870","284"
"25003","Massachusetts","Berkshire","1,588","435","195","181","424","353","312","378","898","1,471","117"
"25005","Massachusetts","Bristol","7,767","1,977","875","984","2,280","1,651","2,076","2,126","3,565","7,148","619"
"25007","Massachusetts","Dukes","139","41","12","22","33","31","29","27","83","129","10"
"25009","Massachusetts","Essex","7,491","2,096","987","952","1,966","1,490","1,995","1,750","3,746","6,976","513"
"25011","Massachusetts","Franklin","1,170","318","126","136","320","270","227","289","654","1,072","98"
"25013","Massachusetts","Hampden","6,689","1,700","769","716","1,922","1,582","1,726","1,889","3,074","6,022","665"
"25015","Massachusetts","Hampshire","2,190","554","255","257","574","550","462","634","1,094","1,964","226"
"25017","Massachusetts","Middlesex","12,971","3,403","1,673","1,569","3,553","2,773","3,910","3,026","6,035","11,857","1,112"
"25019","Massachusetts","Nantucket","36","11",,,,"10",,,"17",,
"25021","Massachusetts","Norfolk","7,222","1,888","811","838","1,985","1,700","2,034","1,755","3,433","6,681","541"
"25023","Massachusetts","Plymouth","9,040","2,400","911","986","2,482","2,261","2,280","2,241","4,519","8,362","676"
"25025","Massachusetts","Suffolk","5,347","1,106","512","582","1,658","1,489","2,473","1,186","1,688","4,836","511"
"25027","Massachusetts","Worcester","10,758","2,730","1,246","1,288","3,070","2,424","3,188","2,894","4,676","9,807","950"
"26001","Michigan","Alcona","400","105","44","45","121","85","54","95","251","371","29"
"26003","Michigan","Alger","287","80","34","37","77","59","40","90","157","266","21"
"26005","Michigan","Allegan","1,452","275","179","206","435","357","480","381","591","1,322","130"
"26007","Michigan","Alpena","738","190","83","89","225","151","151","203","384","675","63"
"26009","Michigan","Antrim","567","145","59","63","182","118","106","159","302","518","49"
"26011","Michigan","Arenac","383","98","35","42","117","91","62","108","213","363","20"
"26013","Michigan","Baraga","355","99","39","41","95","81","59","121","175","332","23"
"26015","Michigan","Barry","1,125","217","126","161","319","302","338","325","462","1,022","103"
"26017","Michigan","Bay","2,146","546","253","252","597","498","434","645","1,067","1,959","186"
"26019","Michigan","Benzie","487","132","60","49","142","104","85","136","266","449","38"
"26021","Michigan","Berrien","2,196","476","252","282","654","532","535","609","1,052","2,011","184"
"26023","Michigan","Branch","651","124","67","83","224","153","159","177","315","585","66"
"26025","Michigan","Calhoun","2,725","468","299","304","907","747","748","903","1,074","2,405","319"
"26027","Michigan","Cass","788","161","94","100","230","203","194","197","397","724","64"
"26029","Michigan","Charlevoix","498","135","65","59","135","104","101","134","263","457","41"
"26031","Michigan","Cheboygan","723","187","79","81","209","167","115","204","404","675","48"
"26033","Michigan","Chippewa","1,094","258","127","140","328","241","224","349","521","1,001","93"
"26035","Michigan","Clare","887","241","98","92","250","206","148","238","501","809","78"
"26037","Michigan","Clinton","1,072","219","117","141","340","255","332","301","439","974","98"
"26039","Michigan","Crawford","534","142","57","57","168","110","103","193","238","490","44"
"26041","Michigan","Delta","1,402","381","147","161","392","321","233","432","737","1,292","110"
"26043","Michigan","Dickinson","1,133","272","123","154","341","243","253","354","526","1,026","107"
"26045","Michigan","Eaton","1,830","347","214","219","592","458","515","553","762","1,639","189"
"26047","Michigan","Emmet","646","173","82","75","175","141","114","187","345","596","50"
"26049","Michigan","Genesee","6,202","1,551","758","692","1,763","1,438","1,468","1,883","2,851","5,657","542"
"26051","Michigan","Gladwin","654","141","73","77","204","159","126","174","354","607","47"
"26053","Michigan","Gogebic","401","104","40","56","108","93","65","124","212","375","26"
"26055","Michigan","Grand Traverse","1,710","458","210","213","458","371","406","484","820","1,578","132"
"26057","Michigan","Gratiot","716","205","85","78","189","159","139","187","390","668","48"
"26059","Michigan","Hillsdale","779","174","72","111","243","179","197","222","360","712","67"
"26061","Michigan","Houghton","1,235","416","147","127","278","267","173","324","738","1,160","75"
"26063","Michigan","Huron","605","176","70","73","163","123","89","154","362","579","26"
"26065","Michigan","Ingham","2,985","573","364","356","961","731","958","878","1,149","2,621","364"
"26067","Michigan","Ionia","911","155","100","126","285","245","288","246","377","833","78"
"26069","Michigan","Iosco","828","231","98","103","227","169","145","234","449","771","57"
"26071","Michigan","Iron","486","120","52","57","155","102","61","135","290","441","45"
"26073","Michigan","Isabella","962","204","105","134","293","226","298","248","416","874","88"
"26075","Michigan","Jackson","2,406","573","289","302","721","521","660","728","1,018","2,178","228"
"26077","Michigan","Kalamazoo","3,082","573","349","407","956","797","1,030","890","1,162","2,722","360"
"26079","Michigan","Kalkaska","437","124","43","45","124","101","98","106","233","409","28"
"26081","Michigan","Kent","6,565","1,242","756","855","2,039","1,673","2,230","1,641","2,694","5,906","659"
"26083","Michigan","Keweenaw","138","55","16","14","31","22","18","30","90","127","11"
"26085","Michigan","Lake","310","61","36","39","94","80","52","86","172","295","15"
"26087","Michigan","Lapeer","1,794","483","224","206","486","395","430","524","840","1,664","130"
"26089","Michigan","Leelanau","368","125","47","50","78","68","51","90","227","335","33"
"26091","Michigan","Lenawee","1,768","415","237","229","509","378","450","511","807","1,614","153"
"26093","Michigan","Livingston","3,292","776","403","381","858","874","911","830","1,551","3,069","221"
"26095","Michigan","Luce","164","42","13","22","54","33","31","52","81","151","13"
"26097","Michigan","Mackinac","304","56","40","45","91","72","53","88","163","282","22"
"26099","Michigan","Macomb","10,725","2,428","1,344","1,355","3,030","2,568","2,658","3,230","4,837","9,692","1,031"
"26101","Michigan","Manistee","626","164","64","70","190","138","88","184","354","586","40"
"26103","Michigan","Marquette","2,281","591","306","274","634","476","421","687","1,173","2,090","191"
"26105","Michigan","Mason","560","128","59","74","155","144","113","158","289","510","50"
"26107","Michigan","Mecosta","821","167","98","106","243","207","216","211","394","758","63"
"26109","Michigan","Menominee","687","186","67","98","205","131","117","200","370","629","58"
"26111","Michigan","Midland","1,757","500","210","201","482","364","444","493","820","1,616","141"
"26113","Michigan","Missaukee","318","76","31","45","90","76","76","84","158","294","24"
"26115","Michigan","Monroe","2,640","669","324","329","739","579","677","772","1,191","2,452","188"
"26117","Michigan","Montcalm","1,221","244","130","148","364","335","343","342","536","1,100","121"
"26119","Michigan","Montmorency","386","82","43","54","128","79","58","103","225","358","28"
"26121","Michigan","Muskegon","3,107","611","337","373","934","852","799","951","1,357","2,790","317"
"26123","Michigan","Newaygo","1,071","193","105","137","359","277","288","271","512","985","86"
"26125","Michigan","Oakland","11,507","2,725","1,467","1,430","3,121","2,764","3,009","3,185","5,312","10,410","1,095"
"26127","Michigan","Oceana","559","89","58","71","175","166","129","145","285","506","53"
"26129","Michigan","Ogemaw","615","137","70","71","183","154","128","180","307","574","40"
"26131","Michigan","Ontonagon","345","100","44","43","89","69","34","87","224","328","17"
"26133","Michigan","Osceola","537","133","67","60","147","130","100","143","294","494","43"
"26135","Michigan","Oscoda","277","55","32","30","88","72","38","94","145","260","17"
"26137","Michigan","Otsego","756","182","90","81","237","166","176","244","336","700","55"
"26139","Michigan","Ottawa","3,057","623","382","361","903","788","1,043","788","1,226","2,815","242"
"26141","Michigan","Presque Isle","425","128","53","54","96","94","51","102","272","394","31"
"26143","Michigan","Roscommon","749","187","85","105","218","154","121","189","439","695","54"
"26145","Michigan","Saginaw","3,432","796","404","390","1,042","800","659","1,140","1,633","3,079","352"
"26147","Michigan","St. Clair","3,314","923","378","421","887","705","793","949","1,572","3,058","255"
"26149","Michigan","St. Joseph","779","141","92","102","255","189","216","191","372","710","69"
"26151","Michigan","Sanilac","708","199","85","82","172","170","131","201","376","669","39"
"26153","Michigan","Schoolcraft","337","81","35","37","103","81","41","112","184","307","30"
"26155","Michigan","Shiawassee","1,300","363","135","147","386","269","311","351","638","1,196","103"
"26157","Michigan","Tuscola","1,302","376","136","172","366","252","246","363","693","1,204","98"
"26159","Michigan","Van Buren","1,175","202","120","157","366","330","332","340","503","1,057","118"
"26161","Michigan","Washtenaw","3,461","821","454","405","956","825","1,064","1,004","1,393","3,084","376"
"26163","Michigan","Wayne","17,379","4,270","2,176","2,092","4,942","3,899","4,021","5,249","8,108","15,541","1,835"
"26165","Michigan","Wexford","785","180","88","113","209","195","201","226","358","715","69"
"27001","Minnesota","Aitkin","675","302","78","70","127","98","57","133","485","640","34"
"27003","Minnesota","Anoka","6,857","2,760","922","702","1,414","1,059","1,615","1,651","3,591","6,324","520"
"27005","Minnesota","Becker","845","269","107","90","203","176","123","211","511","779","66"
"27007","Minnesota","Beltrami","1,074","326","112","112","308","216","205","281","588","990","84"
"27009","Minnesota","Benton","1,210","545","139","119","207","200","260","289","661","1,111","99"
"27011","Minnesota","Big Stone","203","95","18","27","31","32","16","39","148",,
"27013","Minnesota","Blue Earth","1,352","543","179","134","284","212","312","303","737","1,260","91"
"27015","Minnesota","Brown","628","292","77","65","105","89","116","117","395","589","38"
"27017","Minnesota","Carlton","1,154","439","120","109","282","204","225","345","584","1,060","93"
"27019","Minnesota","Carver","1,626","678","231","195","301","221","325","390","911","1,534","89"
"27021","Minnesota","Cass","1,134","431","131","128","234","210","141","270","723","1,068","65"
"27023","Minnesota","Chippewa","320","131","41","30","72","46","38","63","219","310","10"
"27025","Minnesota","Chisago","1,453","564","172","161","301","255","339","362","752","1,337","112"
"27027","Minnesota","Clay","1,302","359","123","156","377","287","326","359","617","1,160","142"
"27029","Minnesota","Clearwater","275","81","40","34","79","41","46","57","172","257","18"
"27031","Minnesota","Cook","117","45","10","13","27","22","12","26","79","104","11"
"27033","Minnesota","Cottonwood","245","105","36","23","47","34","41","40","164","234","10"
"27035","Minnesota","Crow Wing","2,307","950","278","223","475","381","345","553","1,409","2,174","132"
"27037","Minnesota","Dakota","8,156","2,938","1,092","932","1,803","1,391","1,998","2,240","3,918","7,363","783"
"27039","Minnesota","Dodge","429","166","40","54","97","72","105","109","215","390","38"
"27041","Minnesota","Douglas","1,025","437","130","116","183","159","165","211","649","956","69"
"27043","Minnesota","Faribault","359","137","57","29","70","66","69","79","211","333","26"
"27045","Minnesota","Fillmore","520","198","68","72","113","69","96","118","306","482","37"
"27047","Minnesota","Freeborn","866","361","102","86","183","134","118","186","562","822","40"
"27049","Minnesota","Goodhue","1,091","409","166","136","214","166","242","276","573","997","93"
"27051","Minnesota","Grant","120","41",,,"35","18","21","22","77",,
"27053","Minnesota","Hennepin","12,911","4,827","1,728","1,463","2,715","2,178","3,304","2,951","6,655","11,656","1,226"
"27055","Minnesota","Houston","450","178","54","57","87","74","75","107","268","420","30"
"27057","Minnesota","Hubbard","769","241","81","87","199","161","108","180","481","705","64"
"27059","Minnesota","Isanti","1,209","502","147","105","238","217","279","277","653","1,120","86"
"27061","Minnesota","Itasca","1,724","629","175","195","344","381","194","390","1,140","1,635","79"
"27063","Minnesota","Jackson","163","55","19","18","35","36","26","44","93","150","13"
"27065","Minnesota","Kanabec","525","215","56","49","117","88","71","119","335","492","33"
"27067","Minnesota","Kandiyohi","880","419","104","88","144","125","125","166","589","840","40"
"27069","Minnesota","Kittson","85","23",,,"22","16","13","20","52",,
"27071","Minnesota","Koochiching","447","166","54","42","94","91","51","101","295","420","26"
"27073","Minnesota","Lac Qui Parle","251","130","35","22","45","19","41","40","170",,
"27075","Minnesota","Lake","354","127","38","48","65","76","44","77","233","338","16"
"27077","Minnesota","Lake of the Woods","106","35","14","15","30","12","14","32","60",,
"27079","Minnesota","Le Sueur","703","295","108","68","130","102","131","167","405","643","60"
"27081","Minnesota","Lincoln","113","43","12","13","23","22","21","24","68",,
"27083","Minnesota","Lyon","489","211","62","52","86","78","96","89","304","465","24"
"27085","Minnesota","McLeod","822","383","103","86","142","108","136","158","528","775","46"
"27087","Minnesota","Mahnomen","101","17","11","16","31","26","14","10","77",,
"27089","Minnesota","Marshall","254","91","18","25","65","55","29","54","171","240","14"
"27091","Minnesota","Martin","476","206","54","57","99","60","69","111","296","456","20"
"27093","Minnesota","Meeker","711","378","91","70","99","73","99","134","478","683","28"
"27095","Minnesota","Mille Lacs","991","445","112","99","202","133","161","213","617","927","64"
"27097","Minnesota","Morrison","1,398","548","175","140","299","236","223","355","820","1,275","123"
"27099","Minnesota","Mower","752","320","108","77","148","99","126","153","473","700","48"
"27101","Minnesota","Murray","195","71","35","27","37","25","29","36","130",,
"27103","Minnesota","Nicollet","768","363","84","79","143","99","152","179","437","724","43"
"27105","Minnesota","Nobles","276","86","43","38","61","48","34","56","186","250","26"
"27107","Minnesota","Norman","145","43","23","14","36","29","25","44","76",,
"27109","Minnesota","Olmsted","2,700","949","374","293","652","432","748","616","1,336","2,463","231"
"27111","Minnesota","Otter Tail","1,563","473","174","191","405","320","227","348","988","1,452","110"
"27113","Minnesota","Pennington","279","94","24","30","79","52","56","66","157","263","15"
"27115","Minnesota","Pine","934","347","109","111","181","186","132","234","568","871","62"
"27117","Minnesota","Pipestone","140","49","26","20","26","19","26","31","83",,
"27119","Minnesota","Polk","708","192","89","83","181","163","129","186","393","654","54"
"27121","Minnesota","Pope","318","143","47","37","57","34","39","60","219","298","20"
"27123","Minnesota","Ramsey","5,727","2,110","768","680","1,245","924","1,403","1,270","3,054","5,171","547"
"27125","Minnesota","Red Lake","90","28",,,"28","21","15","18","57",,
"27127","Minnesota","Redwood","330","149","28","31","63","59","48","69","213","315","15"
"27129","Minnesota","Renville","361","148","47","41","73","52","54","80","227","346","15"
"27131","Minnesota","Rice","1,083","449","148","111","202","173","226","249","608","991","91"
"27133","Minnesota","Rock","182","46","23","34","56","23","36","53","93","169","13"
"27135","Minnesota","Roseau","281","101","42","32","62","44","46","78","157","267","14"
"27137","Minnesota","St. Louis","5,704","2,096","693","642","1,230","1,043","960","1,568","3,176","5,259","417"
"27139","Minnesota","Scott","2,508","907","351","292","553","405","654","708","1,146","2,283","223"
"27141","Minnesota","Sherburne","2,806","1,225","362","296","519","404","718","721","1,367","2,598","206"
"27143","Minnesota","Sibley","391","169","53","48","77","44","74","75","242","361","30"
"27145","Minnesota","Stearns","4,755","1,991","501","464","1,030","769","811","1,119","2,825","4,412","340"
"27147","Minnesota","Steele","746","280","117","90","167","92","189","178","379","697","49"
"27149","Minnesota","Stevens","139","61","26",,"26",,"20","28","91",,
"27151","Minnesota","Swift","264","108","37","33","54","32","31","64","169","242","21"
"27153","Minnesota","Todd","812","325","103","80","179","125","91","160","561","764","47"
"27155","Minnesota","Traverse","110","47","18",,"21",,,,"76",,
"27157","Minnesota","Wabasha","640","280","66","70","131","93","119","133","388","592","47"
"27159","Minnesota","Wadena","497","215","55","61","93","73","69","105","323","462","35"
"27161","Minnesota","Waseca","475","224","65","52","74","60","78","113","284","450","25"
"27163","Minnesota","Washington","4,540","1,564","608","513","1,036","819","1,155","1,229","2,156","4,146","384"
"27165","Minnesota","Watonwan","258","125","33","28","45","27","43","54","161","241","17"
"27167","Minnesota","Wilkin","113","42","18","16","25","12","22","33","58",,
"27169","Minnesota","Winona","870","295","125","97","202","151","182","179","509","800","70"
"27171","Minnesota","Wright","2,973","1,132","409","344","621","467","789","712","1,472","2,757","215"
"27173","Minnesota","Yellow Medicine","261","123","21","26","58","33","41","60","160","246","15"
"28001","Mississippi","Adams","519","75","46","55","182","161","73","159","287","448","71"
"28003","Mississippi","Alcorn","592","132","72","59","180","149","147","167","278","547","45"
"28005","Mississippi","Amite","212","44","31","22","60","55","33","67","112","191","21"
"28007","Mississippi","Attala","276","51","24","43","83","75","35","101","140","262","14"
"28009","Mississippi","Benton","104","21","11","10","31","31","30","23","51",,
"28011","Mississippi","Bolivar","380","60","34","40","135","111","66","149","165","347","33"
"28013","Mississippi","Calhoun","224","33","22","18","83","68","41","70","113","206","18"
"28015","Mississippi","Carroll","177","29","17","18","51","62","36","44","97","165","12"
"28017","Mississippi","Chickasaw","238","55","14","31","70","68","48","92","98","208","30"
"28019","Mississippi","Choctaw","150","25","15","15","59","36","36","59","55","134","16"
"28021","Mississippi","Claiborne","115","16","11","14","33","41","21","43","51","102","13"
"28023","Mississippi","Clarke","322","52","29","29","105","107","72","100","150","297","25"
"28025","Mississippi","Clay","337","56","35","36","106","104","65","126","146","294","43"
"28027","Mississippi","Coahoma","286","55","27","33","87","84","46","95","145","254","32"
"28029","Mississippi","Copiah","476","85","48","62","139","142","81","165","230","426","50"
"28031","Mississippi","Covington","342","71","30","30","109","102","66","118","158","293","49"
"28033","Mississippi","DeSoto","4,706","778","414","510","1,498","1,506","1,395","1,874","1,437","3,993","713"
"28035","Mississippi","Forrest","1,714","286","146","196","525","561","371","701","642","1,488","226"
"28037","Mississippi","Franklin","131","26","11","16","39","39","20","54","57","112","19"
"28039","Mississippi","George","577","96","75","69","179","158","133","199","245","532","45"
"28041","Mississippi","Greene","204","41","18","34","63","48","26","77","101","193","11"
"28043","Mississippi","Grenada","410","78","36","48","123","125","76","163","171","364","46"
"28045","Mississippi","Hancock","1,398","271","149","173","410","395","312","505","581","1,238","160"
"28047","Mississippi","Harrison","10,759","1,723","1,016","1,251","3,239","3,530","2,614","4,302","3,843","8,819","1,940"
"28049","Mississippi","Hinds","4,039","655","385","432","1,334","1,233","782","1,522","1,735","3,362","677"
"28051","Mississippi","Holmes","213","28","16","25","70","74","26","74","113","191","22"
"28053","Mississippi","Humphreys","94","16",,,"31","32","25","31","38","82","12"
"28055","Mississippi","Issaquena","18",,,,,,,,,,
"28057","Mississippi","Itawamba","366","54","33","45","115","119","110","109","147","340","26"
"28059","Mississippi","Jackson","5,418","883","555","637","1,699","1,644","1,343","2,242","1,833","4,563","855"
"28061","Mississippi","Jasper","345","54","31","40","117","103","55","125","165","309","36"
"28063","Mississippi","Jefferson","78",,,"11","26","28",,,"40",,
"28065","Mississippi","Jefferson Davis","243","29","15","26","74","99","39","100","104","204","39"
"28067","Mississippi","Jones","1,028","186","99","137","314","292","176","378","474","941","87"
"28069","Mississippi","Kemper","169","34","13","24","46","52","30","58","81","145","24"
"28071","Mississippi","Lafayette","619","98","56","81","192","192","183","193","243","557","61"
"28073","Mississippi","Lamar","1,627","255","133","189","524","526","387","703","537","1,402","225"
"28075","Mississippi","Lauderdale","1,851","276","165","220","628","562","499","699","653","1,575","276"
"28077","Mississippi","Lawrence","233","36","22","38","72","65","55","72","106","204","29"
"28079","Mississippi","Leake","351","51","25","45","112","118","63","128","160","310","41"
"28081","Mississippi","Lee","1,368","248","119","155","414","432","388","452","528","1,226","142"
"28083","Mississippi","Leflore","345","56","32","46","121","90","63","132","150","313","32"
"28085","Mississippi","Lincoln","487","82","42","60","169","134","94","190","203","424","63"
"28087","Mississippi","Lowndes","1,869","313","193","222","578","563","497","683","689","1,604","264"
"28089","Mississippi","Madison","1,901","282","192","184","608","635","433","824","644","1,600","301"
"28091","Mississippi","Marion","398","65","43","37","129","124","64","154","180","346","52"
"28093","Mississippi","Marshall","502","99","56","64","148","135","108","165","229","447","55"
"28095","Mississippi","Monroe","731","128","59","87","237","220","164","245","322","680","51"
"28097","Mississippi","Montgomery","222","36","20","19","92","55","50","59","113","202","20"
"28099","Mississippi","Neshoba","423","71","42","55","158","97","92","159","172","377","46"
"28101","Mississippi","Newton","447","74","48","50","147","128","71","190","186","396","51"
"28103","Mississippi","Noxubee","104","15",,,"43","27","22","32","50","84","20"
"28105","Mississippi","Oktibbeha","616","106","53","69","186","202","194","214","208","532","84"
"28107","Mississippi","Panola","487","92","62","46","166","121","98","166","223","439","47"
"28109","Mississippi","Pearl River","1,498","281","179","195","415","428","321","539","638","1,352","146"
"28111","Mississippi","Perry","290","52","22","35","94","87","66","104","120","250","40"
"28113","Mississippi","Pike","776","115","75","97","243","246","143","283","350","662","114"
"28115","Mississippi","Pontotoc","520","99","54","56","164","147","144","148","228","492","28"
"28117","Mississippi","Prentiss","350","57","39","36","125","93","96","114","140","322","28"
"28119","Mississippi","Quitman","104","17","12","13","38","24","20","39","45","90","14"
"28121","Mississippi","Rankin","3,114","508","337","353","993","923","861","1,218","1,035","2,678","436"
"28123","Mississippi","Scott","307","56","27","37","89","98","55","117","135","284","23"
"28125","Mississippi","Sharkey","50",,,,"18","18",,,"26",,
"28127","Mississippi","Simpson","505","85","44","56","175","145","116","169","220","445","60"
"28129","Mississippi","Smith","232","28","27","41","71","65","44","80","108","202","30"
"28131","Mississippi","Stone","660","96","64","84","213","203","156","262","242","587","72"
"28133","Mississippi","Sunflower","279","53","23","34","79","90","56","105","118","244","35"
"28135","Mississippi","Tallahatchie","179","24","16","26","56","57","30","72","77","166","13"
"28137","Mississippi","Tate","491","92","60","55","158","126","134","157","200","442","49"
"28139","Mississippi","Tippah","243","56","23","25","80","59","58","71","114","221","22"
"28141","Mississippi","Tishomingo","328","56","32","44","106","90","98","91","139","308","20"
"28143","Mississippi","Tunica","138","33",,,"45","36","22","56","60","113","25"
"28145","Mississippi","Union","384","62","46","46","120","110","96","115","173","350","34"
"28147","Mississippi","Walthall","240","51","26","27","57","79","44","82","114","218","22"
"28149","Mississippi","Warren","786","148","70","99","239","230","163","310","313","663","123"
"28151","Mississippi","Washington","666","109","75","69","221","192","112","234","320","600","66"
"28153","Mississippi","Wayne","306","52","30","49","90","85","39","113","154","280","26"
"28155","Mississippi","Webster","193","34","16","36","60","47","40","79","74",,
"28157","Mississippi","Wilkinson","88","20",,,"25","30","15","33","40",,
"28159","Mississippi","Winston","291","53","29","28","84","97","46","126","119","253","38"
"28161","Mississippi","Yalobusha","248","52","22","28","85","61","37","95","116","225","23"
"28163","Mississippi","Yazoo","368","57","38","45","112","116","87","135","146","332","36"
"29001","Missouri","Adair","422","136","45","44","115","82","100","128","194","383","39"
"29003","Missouri","Andrew","374","101","51","44","92","86","81","115","178","353","21"
"29005","Missouri","Atchison","94","27","11","14","30","12","18","27","49",,
"29007","Missouri","Audrain","551","179","67","71","145","89","90","121","340","528","23"
"29009","Missouri","Barry","727","170","85","116","194","162","170","217","340","677","50"
"29011","Missouri","Barton","170","43","23","25","48","31","43","43","84","159","11"
"29013","Missouri","Bates","267","57","41","24","83","62","76","75","116","249","18"
"29015","Missouri","Benton","898","263","79","99","271","186","106","283","509","822","76"
"29017","Missouri","Bollinger","291","55","33","39","82","82","60","87","144","268","23"
"29019","Missouri","Boone","3,771","1,055","486","422","1,070","738","1,093","1,174","1,504","3,322","449"
"29021","Missouri","Buchanan","1,480","413","177","187","431","272","321","478","681","1,357","123"
"29023","Missouri","Butler","1,533","297","172","176","500","388","307","523","703","1,395","138"
"29025","Missouri","Caldwell","209","57","24","24","63","41","39","78","92","189","20"
"29027","Missouri","Callaway","1,383","417","156","173","387","250","289","453","641","1,260","123"
"29029","Missouri","Camden","1,493","389","149","179","401","375","220","492","781","1,355","136"
"29031","Missouri","Cape Girardeau","1,887","470","235","203","513","466","481","522","884","1,727","160"
"29033","Missouri","Carroll","168","54","20","25","44","25","28","51","89",,
"29035","Missouri","Carter","203","54","24","18","55","52","39","65","99","190","13"
"29037","Missouri","Cass","2,632","552","291","334","829","626","814","863","955","2,380","252"
"29039","Missouri","Cedar","417","96","47","58","141","75","76","126","215","377","40"
"29041","Missouri","Chariton","206","64","25","24","64","29","37","61","108","191","15"
"29043","Missouri","Christian","2,235","466","240","305","725","499","681","709","845","2,016","218"
"29045","Missouri","Clark","117","28","10","17","34","28","22","35","60",,
"29047","Missouri","Clay","4,689","915","549","571","1,523","1,131","1,562","1,475","1,652","4,200","488"
"29049","Missouri","Clinton","575","140","65","57","168","145","130","143","302","526","49"
"29051","Missouri","Cole","2,053","588","236","277","565","387","462","635","956","1,851","201"
"29053","Missouri","Cooper","481","147","70","50","129","85","111","135","235","448","33"
"29055","Missouri","Crawford","604","153","75","58","174","144","122","182","300","558","45"
"29057","Missouri","Dade","184","38","22","28","60","36","45","43","96","171","13"
"29059","Missouri","Dallas","487","103","61","63","163","97","98","146","243","450","35"
"29061","Missouri","Daviess","183","56","20","18","49","40","32","52","99","168","15"
"29063","Missouri","DeKalb","236","54","27","33","70","52","55","79","102","221","15"
"29065","Missouri","Dent","485","102","59","57","137","130","88","183","214","445","40"
"29067","Missouri","Douglas","301","66","36","41","92","66","56","90","155","271","30"
"29069","Missouri","Dunklin","509","128","58","69","133","121","83","145","281","480","29"
"29071","Missouri","Franklin","1,808","392","215","227","568","406","544","522","742","1,638","169"
"29073","Missouri","Gasconade","349","103","44","43","91","68","69","91","189","319","30"
"29075","Missouri","Gentry","109","32","13","14","23","27","31","36","42",,
"29077","Missouri","Greene","5,884","1,421","716","717","1,798","1,232","1,692","1,795","2,397","5,292","592"
"29079","Missouri","Grundy","211","60","30","28","60","33","41","58","112","195","16"
"29081","Missouri","Harrison","162","46","19","22","43","32","26","37","99","144","18"
"29083","Missouri","Henry","654","135","91","88","205","135","152","216","286","601","53"
"29085","Missouri","Hickory","346","73","51","44","99","79","56","101","189","319","27"
"29087","Missouri","Holt","86","20","15","13","23","15","16","31","39",,
"29089","Missouri","Howard","219","62","24","27","55","51","36","78","105","200","19"
"29091","Missouri","Howell","1,136","222","114","150","363","287","281","341","514","1,025","111"
"29093","Missouri","Iron","305","86","28","40","78","73","60","86","159","284","21"
"29095","Missouri","Jackson","11,274","2,382","1,277","1,351","3,609","2,655","3,488","3,345","4,440","9,925","1,347"
"29097","Missouri","Jasper","2,175","461","278","282","670","484","629","685","861","1,996","179"
"29099","Missouri","Jefferson","4,697","976","560","612","1,433","1,116","1,492","1,429","1,776","4,260","437"
"29101","Missouri","Johnson","2,705","476","342","383","835","669","940","1,036","729","2,286","419"
"29103","Missouri","Knox","100","38",,,"19","23","11","24","65",,
"29105","Missouri","Laclede","1,255","255","110","134","381","375","243","501","511","1,132","122"
"29107","Missouri","Lafayette","759","172","71","115","234","167","194","232","333","704","55"
"29109","Missouri","Lawrence","832","197","102","100","258","175","208","258","366","741","91"
"29111","Missouri","Lewis","178","35","24","23","48","48","35","47","96","161","17"
"29113","Missouri","Lincoln","1,257","259","134","175","387","302","436","352","469","1,155","101"
"29115","Missouri","Linn","298","85","34","36","94","49","60","75","163","283","15"
"29117","Missouri","Livingston","289","68","30","42","98","51","86","76","127","266","23"
"29119","Missouri","McDonald","389","79","40","50","123","97","93","134","162","355","34"
"29121","Missouri","Macon","394","105","57","38","112","82","73","104","217","376","18"
"29123","Missouri","Madison","354","83","44","43","93","91","64","124","166","327","27"
"29125","Missouri","Maries","313","58","44","30","90","91","55","109","149","279","33"
"29127","Missouri","Marion","631","196","66","83","162","124","134","162","335","591","40"
"29129","Missouri","Mercer","91","34",,,"19","21","14","16","61",,
"29131","Missouri","Miller","679","164","72","92","201","150","132","201","346","642","37"
"29133","Missouri","Mississippi","210","42","22","33","64","49","34","57","119","196","14"
"29135","Missouri","Moniteau","305","98","39","44","72","52","60","89","156","283","22"
"29137","Missouri","Monroe","248","66","38","35","56","53","33","79","136","234","14"
"29139","Missouri","Montgomery","270","91","34","29","70","46","51","72","147","252","18"
"29141","Missouri","Morgan","624","146","79","73","203","123","91","166","367","583","41"
"29143","Missouri","New Madrid","418","92","43","46","139","98","81","130","207","385","33"
"29145","Missouri","Newton","1,285","277","135","163","404","306","325","405","555","1,180","105"
"29147","Missouri","Nodaway","328","95","40","43","85","65","64","105","159","312","16"
"29149","Missouri","Oregon","290","66","30","32","87","75","59","80","151","267","23"
"29151","Missouri","Osage","332","90","40","49","96","57","68","89","175","299","31"
"29153","Missouri","Ozark","341","57","38","59","94","93","59","103","179","307","34"
"29155","Missouri","Pemiscot","231","57","30","36","64","44","38","71","122","218","13"
"29157","Missouri","Perry","416","107","55","52","115","87","98","110","208","382","34"
"29159","Missouri","Pettis","1,225","337","153","135","328","272","302","376","547","1,117","108"
"29161","Missouri","Phelps","1,565","324","159","180","484","418","324","551","690","1,421","144"
"29163","Missouri","Pike","330","89","51","34","87","69","69","94","167","306","24"
"29165","Missouri","Platte","2,695","509","273","299","837","777","742","1,122","831","2,389","306"
"29167","Missouri","Polk","714","169","79","79","231","156","162","211","341","653","61"
"29169","Missouri","Pulaski","4,979","514","375","456","1,606","2,028","1,649","2,140","1,190","4,073","905"
"29171","Missouri","Putnam","85","21","11","16","24","13","14","23","48","75","10"
"29173","Missouri","Ralls","305","91","28","29","97","60","55","92","158","294","11"
"29175","Missouri","Randolph","616","175","86","75","178","102","158","209","249","569","46"
"29177","Missouri","Ray","478","122","60","65","140","91","99","128","251","445","33"
"29179","Missouri","Reynolds","196","43","21","13","64","55","35","56","105","185","11"
"29181","Missouri","Ripley","408","86","39","36","133","114","80","137","191","371","37"
"29183","Missouri","St. Charles","6,818","1,452","821","875","1,986","1,684","2,185","2,102","2,531","6,059","757"
"29185","Missouri","St. Clair","271","57","44","30","88","52","57","74","140","244","27"
"29186","Missouri","Ste. Genevieve","403","90","44","57","113","99","84","114","205","372","31"
"29187","Missouri","St. Francois","1,614","347","152","205","507","403","409","512","693","1,486","127"
"29189","Missouri","St. Louis","12,088","2,488","1,461","1,594","3,596","2,949","2,974","3,609","5,505","10,511","1,574"
"29195","Missouri","Saline","449","134","54","60","112","89","100","118","231","425","24"
"29197","Missouri","Schuyler","75","22","14","10","17","12","12","20","43",,
"29199","Missouri","Scotland","79","25",,,"18","18","14","21","44",,
"29201","Missouri","Scott","881","203","112","96","253","217","198","271","412","821","59"
"29203","Missouri","Shannon","256","55","26","27","62","86","52","85","119","230","26"
"29205","Missouri","Shelby","149","43","20","24","36","26","27","39","83",,
"29207","Missouri","Stoddard","814","179","81","108","241","205","155","227","432","749","65"
"29209","Missouri","Stone","919","235","94","122","277","191","130","274","515","834","85"
"29211","Missouri","Sullivan","92","28","13","17","21","13","14","25","53",,
"29213","Missouri","Taney","1,375","356","159","174","389","297","271","419","685","1,261","114"
"29215","Missouri","Texas","1,159","216","102","134","370","337","199","443","517","1,048","111"
"29217","Missouri","Vernon","364","84","48","40","126","66","80","108","175","338","26"
"29219","Missouri","Warren","783","199","82","108","216","178","253","207","323","722","61"
"29221","Missouri","Washington","506","109","59","71","140","127","116","158","232","467","38"
"29223","Missouri","Wayne","430","96","34","56","149","95","73","134","223","402","28"
"29225","Missouri","Webster","954","206","107","141","292","208","243","320","391","867","87"
"29227","Missouri","Worth","38","13",,,"10",,,,"21",,
"29229","Missouri","Wright","523","123","50","61","157","132","104","174","245","480","43"
"29510","Missouri","St. Louis City","3,360","671","404","454","1,033","798","1,053","1,051","1,256","2,842","517"
"30001","Montana","Beaverhead","241","71","35","22","68","45","56","73","112","216","25"
"30003","Montana","Big Horn","165","35","22","22","48","38","30","60","75","147","18"
"30005","Montana","Blaine","138","33","19","20","43","23","40","34","64","123","15"
"30007","Montana","Broadwater","353","74","46","34","104","95","89","119","145","319","34"
"30009","Montana","Carbon","323","62","49","43","75","94","61","113","149","285","38"
"30011","Montana","Carter","21",,,,,,,,,,
"30013","Montana","Cascade","4,164","819","612","600","1,202","931","1,220","1,502","1,442","3,576","588"
"30015","Montana","Chouteau","132","31","19","12","37","33","28","47","57","116","16"
"30017","Montana","Custer","318","78","36","57","69","78","59","114","145","292","26"
"30019","Montana","Daniels","36","10",,,,,,,"18",,
"30021","Montana","Dawson","203","48","25","23","64","43","39","56","108","181","22"
"30023","Montana","Deer Lodge","236","56","36","36","57","51","43","82","111","217","19"
"30025","Montana","Fallon","43","14",,,"15",,,,"20",,
"30027","Montana","Fergus","278","65","47","41","67","58","45","74","159","254","24"
"30029","Montana","Flathead","2,989","554","337","394","876","828","923","981","1,085","2,676","313"
"30031","Montana","Gallatin","2,158","537","260","267","593","501","830","605","723","1,934","223"
"30033","Montana","Garfield","21",,,,,,,,,,
"30035","Montana","Glacier","232","43","35","27","75","52","67","79","86","211","21"
"30037","Montana","Golden Valley","23",,,,,,,,"12",,
"30039","Montana","Granite","103","20",,,"36","30","27","40","36","89","14"
"30041","Montana","Hill","380","112","48","52","110","58","82","116","182","343","37"
"30043","Montana","Jefferson","574","123","63","63","166","159","115","213","246","515","59"
"30045","Montana","Judith Basin","80","21",,,"25","16","21","19","40","70","10"
"30047","Montana","Lake","785","150","86","99","243","207","178","219","388","689","96"
"30049","Montana","Lewis and Clark","2,956","602","337","349","874","794","759","1,144","1,053","2,575","380"
"30051","Montana","Liberty","28",,,,,,,,"17",,
"30053","Montana","Lincoln","896","148","94","109","270","275","205","280","411","796","99"
"30055","Montana","McCone","32",,,,,"12",,,"15",,
"30057","Montana","Madison","264","70","40","31","61","62","47","70","147","247","17"
"30059","Montana","Meagher","69","19",,,"15","23",,,"46",,
"30061","Montana","Mineral","200","32","22","25","64","57","48","58","94","179","21"
"30063","Montana","Missoula","2,584","552","302","307","775","648","986","730","868","2,292","292"
"30065","Montana","Musselshell","233","41","35","37","74","46","48","69","116","209","24"
"30067","Montana","Park","388","107","57","39","92","93","112","120","156","354","34"
"30069","Montana","Petroleum","14",,,,,,,,,,
"30071","Montana","Phillips","92","25",,,"17","29","16","29","47",,
"30073","Montana","Pondera","128","21","24","21","33","29","29","28","71",,
"30075","Montana","Powder River","31",,,,"13",,,,"14",,
"30077","Montana","Powell","224","53","29","33","59","50","45","82","97","200","24"
"30079","Montana","Prairie","48","14",,,"12","10",,,"26",,
"30081","Montana","Ravalli","1,817","336","202","219","521","539","387","602","828","1,630","187"
"30083","Montana","Richland","155","42","21","25","36","31","50","57","48","139","16"
"30085","Montana","Roosevelt","146","35","19","22","43","27","42","45","59","128","18"
"30087","Montana","Rosebud","186","51","22","27","52","34","41","68","77","174","11"
"30089","Montana","Sanders","530","97","50","57","180","146","98","150","282","494","36"
"30091","Montana","Sheridan","68","19",,"13","17",,"16","27","25",,
"30093","Montana","Silver Bow","880","223","118","97","244","198","231","273","376","789","91"
"30095","Montana","Stillwater","288","77","29","28","80","74","66","79","143","263","25"
"30097","Montana","Sweet Grass","118","31","11","14","39","23","22","38","58","102","16"
"30099","Montana","Teton","166","29","22","21","61","33","33","55","78","143","23"
"30101","Montana","Toole","130","41","15","12","34","28","39","41","50","114","16"
"30103","Montana","Treasure","10",,,,,,,,,,
"30105","Montana","Valley","191","56","34","26","40","35","38","59","94","174","17"
"30107","Montana","Wheatland","59","12","14",,"14",,"13","19","27","48","11"
"30109","Montana","Wibaux","11",,,,,,,,,,
"30111","Montana","Yellowstone","4,495","995","537","580","1,256","1,127","1,360","1,403","1,732","4,015","479"
"31001","Nebraska","Adams","688","278","77","81","145","107","129","153","406","639","49"
"31003","Nebraska","Antelope","180","69","28","27","41","15","26","33","121",,
"31005","Nebraska","Arthur",,,,,,,,,,,
"31007","Nebraska","Banner","10",,,,,,,,,,
"31009","Nebraska","Blaine",,,,,,,,,,,
"31011","Nebraska","Boone","150","71","17","17","25","20","15","24","111",,
"31013","Nebraska","Box Butte","279","66","51","35","66","61","67","82","130","255","24"
"31015","Nebraska","Boyd","60","25",,,"12",,,,"40",,
"31017","Nebraska","Brown","66","21","10","11","12","12",,,"45",,
"31019","Nebraska","Buffalo","1,155","398","148","123","261","225","235","257","663","1,093","62"
"31021","Nebraska","Burt","146","47","19","23","25","32","19","38","89","132","14"
"31023","Nebraska","Butler","240","114","25","32","39","30","33","56","151","227","13"
"31025","Nebraska","Cass","1,303","337","162","188","311","305","277","484","542","1,157","146"
"31027","Nebraska","Cedar","177","73","24","16","36","28","29","43","105",,
"31029","Nebraska","Chase","68","22",,,"15","16","15","18","35",,
"31031","Nebraska","Cherry","122","38","20","17","29","18","29","29","64","111","11"
"31033","Nebraska","Cheyenne","320","128","31","38","69","54","70","83","167","296","24"
"31035","Nebraska","Clay","182","70","22","21","41","28","40","33","109",,
"31037","Nebraska","Colfax","141","61","20","15","24","21","14","25","102",,
"31039","Nebraska","Cuming","206","78","29","44","34","21","35","35","136",,
"31041","Nebraska","Custer","289","119","42","30","48","50","36","54","199","271","17"
"31043","Nebraska","Dakota","384","151","45","44","81","63","67","95","222","358","26"
"31045","Nebraska","Dawes","192","49","22","22","61","38","41","62","89","175","17"
"31047","Nebraska","Dawson","407","190","45","42","76","54","61","99","247","393","14"
"31049","Nebraska","Deuel","64","32",,,"11",,,,"42",,
"31051","Nebraska","Dixon","168","58","21","28","33","28","21","37","110","154","14"
"31053","Nebraska","Dodge","1,034","439","140","119","195","141","177","295","562","978","56"
"31055","Nebraska","Douglas","9,676","2,495","1,280","1,260","2,545","2,096","2,897","3,000","3,779","8,602","1,072"
"31057","Nebraska","Dundy","33","13",,,,,,,"23",,
"31059","Nebraska","Fillmore","178","63","24","20","36","35","33","41","104",,
"31061","Nebraska","Franklin","113","39","23","12","16","23","14","17","82",,
"31063","Nebraska","Frontier","58","16",,,"16","11","12","14","32",,
"31065","Nebraska","Furnas","167","70","22","17","39","19","15","40","112",,
"31067","Nebraska","Gage","706","259","93","91","143","120","129","204","373","660","46"
"31069","Nebraska","Garden","56","21",,"10",,,"10","10","36",,
"31071","Nebraska","Garfield","57","21",,,,"14",,,"43",,
"31073","Nebraska","Gosper","81","32",,"13","19",,,,"56",,
"31075","Nebraska","Grant","11",,,,,,,,,,
"31077","Nebraska","Greeley","85","41",,,"17","13",,,"66",,
"31079","Nebraska","Hall","1,590","663","152","144","338","293","294","381","915","1,488","102"
"31081","Nebraska","Hamilton","279","117","27","37","52","46","56","66","157","259","20"
"31083","Nebraska","Harlan","109","48","12","10","21","18",,,"79",,
"31085","Nebraska","Hayes","17",,,,,,,,,,
"31087","Nebraska","Hitchcock","89","35",,,"22","14","14","23","52",,
"31089","Nebraska","Holt","290","108","33","36","52","61","50","45","195","277","12"
"31091","Nebraska","Hooker","15",,,,,,,,,,
"31093","Nebraska","Howard","243","108","30","23","42","40","34","55","154","229","14"
"31095","Nebraska","Jefferson","160","62","22","18","33","25","21","44","95",,
"31097","Nebraska","Johnson","102","38",,"19","22",,"22","38","42","89","13"
"31099","Nebraska","Kearney","181","69","20","23","37","32","43","50","88",,
"31101","Nebraska","Keith","254","113","34","34","32","41","36","63","155","236","18"
"31103","Nebraska","Keya Paha","11",,,,,,,,,,
"31105","Nebraska","Kimball","105","29","11","10","25","30","17","34","54",,
"31107","Nebraska","Knox","272","95","31","43","56","47","32","52","188","251","21"
"31109","Nebraska","Lancaster","7,032","2,141","827","859","1,637","1,568","1,794","1,950","3,288","6,343","685"
"31111","Nebraska","Lincoln","968","356","137","97","214","164","173","279","516","907","61"
"31113","Nebraska","Logan","26",,,,,,,,"10",,
"31115","Nebraska","Loup","31",,,,,,,,,,
"31117","Nebraska","McPherson",,,,,,,,,,,
"31119","Nebraska","Madison","688","242","94","96","142","114","165","142","381","642","46"
"31121","Nebraska","Merrick","282","119","35","31","51","46","35","61","186","265","17"
"31123","Nebraska","Morrill","139","53","14","18","33","21","26","36","77","127","12"
"31125","Nebraska","Nance","103","49",,"16","20",,"16","13","74",,
"31127","Nebraska","Nemaha","171","55","28","14","42","32","39","45","87","158","13"
"31129","Nebraska","Nuckolls","119","52","14","16","11","26","12","21","86",,
"31131","Nebraska","Otoe","397","122","50","50","99","76","92","124","181","363","34"
"31133","Nebraska","Pawnee","73","26",,,"17","13","14","12","47",,
"31135","Nebraska","Perkins","51","22",,,,,"10","10","31",,
"31137","Nebraska","Phelps","285","125","38","23","63","36","49","53","183","271","14"
"31139","Nebraska","Pierce","145","44","26","19","35","21","42","32","71","133","12"
"31141","Nebraska","Platte","745","321","85","98","133","108","105","145","495","716","29"
"31143","Nebraska","Polk","156","77","20","16","28","15","19","27","110","146","10"
"31145","Nebraska","Red Willow","331","139","36","28","77","51","57","89","185","309","22"
"31147","Nebraska","Richardson","171","61","18","11","50","31","27","35","109",,
"31149","Nebraska","Rock","25",,,,,,,,,,
"31151","Nebraska","Saline","266","96","32","46","52","40","50","58","158","243","23"
"31153","Nebraska","Sarpy","10,481","2,161","1,346","1,393","2,835","2,746","2,890","4,335","3,256","8,841","1,637"
"31155","Nebraska","Saunders","727","265","95","85","163","119","132","200","395","672","55"
"31157","Nebraska","Scotts Bluff","1,029","349","149","113","227","191","190","299","540","949","80"
"31159","Nebraska","Seward","501","205","63","42","108","83","103","124","274","477","24"
"31161","Nebraska","Sheridan","136","34","16","19","37","30","20","44","72",,
"31163","Nebraska","Sherman","107","45","10","15","19","18","16","18","73",,
"31165","Nebraska","Sioux","19",,,,,,,,,,
"31167","Nebraska","Stanton","132","61","11","22","28","10","22","33","77","121","11"
"31169","Nebraska","Thayer","123","50","16","15","27","15","17","22","84",,
"31171","Nebraska","Thomas","20","10",,,,,,,,,
"31173","Nebraska","Thurston","80","25","10","12","21","12","11","26","43",,
"31175","Nebraska","Valley","134","62","19","14","23","16","18","30","86",,
"31177","Nebraska","Washington","476","129","64","64","129","90","140","142","194","434","42"
"31179","Nebraska","Wayne","184","83","26","24","28","23","38","40","106",,
"31181","Nebraska","Webster","98","40","10","10","17","21","14","21","63",,
"31183","Nebraska","Wheeler","20",,,,,,,,,,
"31185","Nebraska","York","498","273","48","42","86","49","80","100","318","475","23"
"32001","Nevada","Churchill","1,694","238","152","187","570","547","535","569","590","1,485","209"
"32003","Nevada","Clark","58,508","8,428","4,806","5,818","17,980","21,476","18,308","20,149","20,051","50,400","8,107"
"32005","Nevada","Douglas","1,452","307","151","163","448","383","323","386","743","1,333","118"
"32007","Nevada","Elko","909","226","118","128","267","170","309","249","351","824","85"
"32009","Nevada","Esmeralda","16",,,,,,,,,,
"32011","Nevada","Eureka","37",,,,"11",,"13","13","11",,
"32013","Nevada","Humboldt","285","65","36","38","82","64","68","93","124","260","25"
"32015","Nevada","Lander","90","19","12","11","28","20","22","28","40",,
"32017","Nevada","Lincoln","95","28",,,"23","26","16","25","54","84","11"
"32019","Nevada","Lyon","2,414","419","262","262","776","695","753","656","1,005","2,142","272"
"32021","Nevada","Mineral","157","35","16","24","48","34","34","43","80","142","15"
"32023","Nevada","Nye","2,412","432","228","251","766","735","331","677","1,404","2,168","244"
"32027","Nevada","Pershing","123","35","13","12","34","29","26","44","53",,
"32029","Nevada","Storey","173","39","17","18","49","50","42","43","88","156","17"
"32031","Nevada","Washoe","10,542","2,202","1,086","1,158","3,063","3,033","3,074","3,081","4,387","9,434","1,107"
"32033","Nevada","White Pine","158","35","32","19","41","31","38","52","68",,
"32510","Nevada","Carson City","1,341","288","148","134","391","380","356","355","630","1,207","134"
"33001","New Hampshire","Belknap","1,534","357","194","207","462","314","367","435","732","1,378","155"
"33003","New Hampshire","Carroll","1,079","260","141","149","308","221","218","316","545","968","111"
"33005","New Hampshire","Cheshire","1,474","315","186","196","427","350","400","436","638","1,324","150"
"33007","New Hampshire","Coos","876","152","111","122","263","228","207","271","398","801","75"
"33009","New Hampshire","Grafton","1,713","372","217","230","484","410","422","526","765","1,530","183"
"33011","New Hampshire","Hillsborough","7,673","1,908","1,074","1,041","2,117","1,533","2,478","2,289","2,906","6,916","757"
"33013","New Hampshire","Merrimack","3,077","761","375","438","895","608","940","886","1,251","2,751","326"
"33015","New Hampshire","Rockingham","5,920","1,572","778","768","1,617","1,185","1,658","1,728","2,534","5,421","499"
"33017","New Hampshire","Strafford","2,737","653","367","379","793","545","847","799","1,091","2,456","281"
"33019","New Hampshire","Sullivan","977","202","145","117","297","216","233","295","449","887","90"
"34001","New Jersey","Atlantic","3,280","677","339","347","1,013","904","900","836","1,544","2,947","330"
"34003","New Jersey","Bergen","4,717","1,019","458","495","1,324","1,421","1,762","1,095","1,860","4,309","407"
"34005","New Jersey","Burlington","9,004","1,514","858","960","2,769","2,903","2,484","3,100","3,419","7,631","1,371"
"34007","New Jersey","Camden","5,912","1,084","555","639","1,836","1,798","1,726","1,794","2,392","5,204","708"
"34009","New Jersey","Cape May","1,976","436","199","236","573","532","418","432","1,126","1,845","131"
"34011","New Jersey","Cumberland","1,765","353","166","205","544","497","483","483","799","1,581","184"
"34013","New Jersey","Essex","4,145","843","408","456","1,117","1,321","1,528","1,161","1,456","3,565","578"
"34015","New Jersey","Gloucester","4,348","800","407","418","1,347","1,376","1,235","1,170","1,943","3,922","424"
"34017","New Jersey","Hudson","2,529","496","238","272","786","737","1,316","600","613","2,207","322"
"34019","New Jersey","Hunterdon","1,103","257","123","104","271","348","303","319","481","1,041","62"
"34021","New Jersey","Mercer","2,349","520","247","272","663","647","712","594","1,043","2,090","259"
"34023","New Jersey","Middlesex","4,730","1,053","537","519","1,285","1,336","1,672","1,144","1,914","4,253","477"
"34025","New Jersey","Monmouth","4,886","1,162","499","507","1,275","1,443","1,260","1,206","2,420","4,526","358"
"34027","New Jersey","Morris","3,053","693","304","329","830","897","1,092","713","1,248","2,827","226"
"34029","New Jersey","Ocean","8,069","1,932","838","864","2,330","2,105","1,672","1,755","4,642","7,598","469"
"34031","New Jersey","Passaic","2,477","485","261","253","688","790","981","579","917","2,248","228"
"34033","New Jersey","Salem","1,010","185","102","109","317","297","286","289","435","900","110"
"34035","New Jersey","Somerset","1,974","432","183","215","559","585","607","496","871","1,811","163"
"34037","New Jersey","Sussex","1,642","343","151","168","449","531","573","390","679","1,505","137"
"34039","New Jersey","Union","3,251","686","344","343","893","985","1,180","924","1,147","2,884","367"
"34041","New Jersey","Warren","1,242","257","113","145","349","378","441","274","527","1,129","113"
"35001","New Mexico","Bernalillo","15,993","2,895","1,575","1,806","5,306","4,411","3,980","5,487","6,526","13,879","2,114"
"35003","New Mexico","Catron","134","28","10","11","41","44","13","35","86",,
"35005","New Mexico","Chaves","1,009","220","98","131","302","258","235","300","474","924","84"
"35006","New Mexico","Cibola","447","73","29","62","155","128","67","134","246","407","40"
"35007","New Mexico","Colfax","285","39","21","36","96","93","46","78","161","258","27"
"35009","New Mexico","Curry","1,795","239","153","215","639","549","698","590","507","1,511","284"
"35011","New Mexico","De Baca","41",,,,"17","11","13","13","15",,
"35013","New Mexico","Dona Ana","5,529","803","471","586","1,902","1,767","1,550","1,841","2,138","4,888","640"
"35015","New Mexico","Eddy","838","158","96","105","290","189","239","266","333","767","70"
"35017","New Mexico","Grant","660","120","56","62","243","179","98","178","384","611","49"
"35019","New Mexico","Guadalupe","99","13",,,"39","33","13","38","48",,
"35021","New Mexico","Harding","24",,,,,,,"12",,,
"35023","New Mexico","Hidalgo","78","12","11","12","28","15","13","30","35",,
"35025","New Mexico","Lea","663","153","83","78","197","152","202","222","239","608","55"
"35027","New Mexico","Lincoln","466","91","59","47","136","133","94","115","257","413","53"
"35028","New Mexico","Los Alamos","340","74","40","36","109","81","150","114","76","309","31"
"35029","New Mexico","Luna","460","100","37","49","142","132","74","121","265","421","39"
"35031","New Mexico","McKinley","932","156","88","115","316","257","247","283","402","792","140"
"35033","New Mexico","Mora","145","12","11","10","60","52","15","49","81",,
"35035","New Mexico","Otero","3,240","533","367","379","1,156","805","914","1,153","1,173","2,713","527"
"35037","New Mexico","Quay","219","40","17","27","75","60","32","67","120","205","14"
"35039","New Mexico","Rio Arriba","524","79","52","52","190","151","92","137","295","479","45"
"35041","New Mexico","Roosevelt","409","65","39","60","144","101","163","122","124","351","58"
"35043","New Mexico","Sandoval","5,091","826","427","522","1,789","1,527","1,303","1,870","1,918","4,427","664"
"35045","New Mexico","San Juan","1,868","372","187","214","642","453","491","618","759","1,640","227"
"35047","New Mexico","San Miguel","642","99","47","52","236","208","64","230","348","579","63"
"35049","New Mexico","Santa Fe","2,489","427","254","264","891","653","516","674","1,299","2,193","296"
"35051","New Mexico","Sierra","420","78","30","52","137","123","44","106","270","373","47"
"35053","New Mexico","Socorro","304","54","30","33","113","74","47","87","170","279","25"
"35055","New Mexico","Taos","681","103","58","59","271","190","98","191","392","614","67"
"35057","New Mexico","Torrance","448","56","50","38","155","149","98","147","203","403","45"
"35059","New Mexico","Union","69","14",,,"20","22","11","23","35",,
"35061","New Mexico","Valencia","2,189","357","200","230","795","607","522","692","975","1,958","231"
"36001","New York","Albany","3,069","748","389","381","850","701","825","871","1,373","2,724","344"
"36003","New York","Allegany","949","177","130","112","305","225","199","278","472","868","81"
"36005","New York","Bronx","5,778","997","502","605","1,817","1,857","2,152","1,642","1,984","4,973","805"
"36007","New York","Broome","2,044","444","268","292","587","453","562","527","955","1,865","179"
"36009","New York","Cattaraugus","1,668","308","195","233","531","401","394","486","788","1,538","130"
"36011","New York","Cayuga","1,112","240","144","136","330","262","301","332","479","1,006","105"
"36013","New York","Chautauqua","2,258","476","234","286","729","533","464","656","1,138","2,078","180"
"36015","New York","Chemung","1,419","269","171","161","476","342","337","416","666","1,288","130"
"36017","New York","Chenango","765","177","92","93","216","187","180","214","371","716","49"
"36019","New York","Clinton","1,653","428","231","211","468","315","298","489","865","1,526","127"
"36021","New York","Columbia","694","189","94","99","173","139","145","158","391","615","79"
"36023","New York","Cortland","548","135","71","78","154","110","156","141","251","502","46"
"36025","New York","Delaware","629","177","83","88","160","121","106","160","363","570","59"
"36027","New York","Dutchess","3,041","744","341","357","825","774","812","797","1,432","2,778","261"
"36029","New York","Erie","12,448","1,964","1,305","1,484","4,248","3,447","3,219","3,670","5,559","11,145","1,301"
"36031","New York","Essex","752","216","100","104","201","131","128","227","397","698","54"
"36033","New York","Franklin","771","195","95","103","210","168","153","247","371","710","61"
"36035","New York","Fulton","767","167","100","102","230","168","187","244","336","695","72"
"36037","New York","Genesee","1,015","206","105","131","332","241","275","243","497","920","95"
"36039","New York","Greene","682","187","87","81","178","149","146","185","351","623","59"
"36041","New York","Hamilton","74","23","11","10","17","13","15","22","37",,
"36043","New York","Herkimer","975","228","130","127","275","215","200","303","472","878","97"
"36045","New York","Jefferson","5,275","623","519","660","1,796","1,677","2,292","1,975","1,008","4,433","840"
"36047","New York","Kings","8,494","1,542","904","932","2,602","2,514","3,519","2,428","2,547","7,078","1,414"
"36049","New York","Lewis","591","87","73","82","185","164","147","241","203","525","66"
"36051","New York","Livingston","885","213","109","131","261","171","221","231","433","805","80"
"36053","New York","Madison","1,012","221","131","147","283","230","270","310","432","903","109"
"36055","New York","Monroe","8,064","1,895","985","969","2,354","1,861","2,354","2,190","3,520","7,247","817"
"36057","New York","Montgomery","655","165","88","83","185","134","153","182","320","586","69"
"36059","New York","Nassau","7,346","1,686","899","825","2,016","1,920","2,203","1,663","3,480","6,774","570"
"36061","New York","New York","5,025","955","548","560","1,498","1,464","2,308","1,180","1,537","4,367","656"
"36063","New York","Niagara","3,506","517","357","420","1,228","984","936","1,045","1,525","3,105","401"
"36065","New York","Oneida","3,592","777","504","515","1,028","768","845","1,038","1,709","3,243","348"
"36067","New York","Onondaga","5,590","1,128","699","744","1,713","1,306","1,725","1,758","2,107","4,959","631"
"36069","New York","Ontario","1,887","421","235","204","543","484","480","547","860","1,709","178"
"36071","New York","Orange","4,716","919","512","535","1,434","1,316","1,445","1,573","1,698","4,155","560"
"36073","New York","Orleans","670","118","68","86","216","182","167","214","289","606","64"
"36075","New York","Oswego","1,973","430","286","235","577","445","568","648","757","1,774","198"
"36077","New York","Otsego","850","209","114","102","237","188","182","212","456","776","74"
"36079","New York","Putnam","1,001","259","117","126","261","238","297","228","476","942","59"
"36081","New York","Queens","8,267","1,557","900","911","2,551","2,348","3,620","2,087","2,560","7,223","1,044"
"36083","New York","Rensselaer","1,946","456","232","271","581","406","519","585","842","1,727","219"
"36085","New York","Richmond","2,779","573","281","260","838","827","818","659","1,302","2,564","215"
"36087","New York","Rockland","1,711","374","203","201","482","451","451","423","837","1,604","107"
"36089","New York","St. Lawrence","1,962","381","215","266","644","456","470","710","782","1,815","147"
"36091","New York","Saratoga","3,585","823","471","513","1,003","775","1,055","1,151","1,379","3,213","370"
"36093","New York","Schenectady","1,656","381","208","207","479","381","448","502","706","1,451","205"
"36095","New York","Schoharie","476","115","60","65","132","104","130","125","221","435","41"
"36097","New York","Schuyler","360","87","45","48","92","88","68","116","176","334","26"
"36099","New York","Seneca","511","120","66","80","139","106","128","139","244","467","44"
"36101","New York","Steuben","2,120","391","224","244","707","554","549","666","905","1,883","237"
"36103","New York","Suffolk","12,014","2,632","1,407","1,342","3,499","3,134","3,607","2,816","5,591","11,062","950"
"36105","New York","Sullivan","853","223","103","98","234","195","189","252","412","782","71"
"36107","New York","Tioga","671","141","80","109","211","130","191","195","285","593","78"
"36109","New York","Tompkins","720","141","96","102","201","180","259","195","266","627","93"
"36111","New York","Ulster","1,823","501","212","229","469","412","420","485","918","1,643","180"
"36113","New York","Warren","1,002","197","152","155","288","210","237","286","479","906","95"
"36115","New York","Washington","1,095","296","148","121","288","242","275","320","500","998","96"
"36117","New York","Wayne","1,505","406","188","184","442","285","416","387","702","1,361","144"
"36119","New York","Westchester","4,892","995","528","553","1,432","1,384","1,524","1,136","2,232","4,455","435"
"36121","New York","Wyoming","679","131","66","87","211","184","178","188","313","618","61"
"36123","New York","Yates","391","86","40","36","130","99","78","88","225","357","34"
"37001","North Carolina","Alamance","3,179","569","332","375","998","905","900","1,036","1,243","2,743","435"
"37003","North Carolina","Alexander","706","142","76","94","211","183","166","177","363","654","52"
"37005","North Carolina","Alleghany","260","68","22","34","73","63","44","62","154","242","18"
"37007","North Carolina","Anson","401","51","38","48","136","128","80","109","212","364","37"
"37009","North Carolina","Ashe","560","111","55","52","175","167","80","166","314","525","35"
"37011","North Carolina","Avery","303","64","30","35","84","90","51","74","178","285","18"
"37013","North Carolina","Beaufort","1,306","271","137","171","362","365","208","355","743","1,180","125"
"37015","North Carolina","Bertie","319","64","34","34","96","91","35","113","171","293","26"
"37017","North Carolina","Bladen","923","121","72","86","311","333","163","318","442","822","101"
"37019","North Carolina","Brunswick","5,928","1,034","589","727","1,808","1,770","1,248","1,711","2,968","5,359","569"
"37021","North Carolina","Buncombe","5,088","1,169","582","647","1,484","1,206","1,185","1,430","2,473","4,435","652"
"37023","North Carolina","Burke","1,874","365","194","250","567","498","418","489","967","1,734","139"
"37025","North Carolina","Cabarrus","4,731","716","462","506","1,483","1,564","1,448","1,685","1,598","4,006","724"
"37027","North Carolina","Caldwell","1,727","332","198","224","526","447","414","500","813","1,586","141"
"37029","North Carolina","Camden","757","87","70","83","257","260","198","378","181","647","110"
"37031","North Carolina","Carteret","3,737","618","368","436","1,018","1,297","817","1,380","1,540","3,346","391"
"37033","North Carolina","Caswell","475","64","43","48","156","164","91","156","228","433","41"
"37035","North Carolina","Catawba","3,330","641","335","403","986","965","931","993","1,406","3,020","309"
"37037","North Carolina","Chatham","1,314","251","156","150","346","411","302","422","590","1,170","144"
"37039","North Carolina","Cherokee","1,011","234","96","118","292","271","129","291","591","930","81"
"37041","North Carolina","Chowan","397","79","48","54","116","100","79","112","206","357","40"
"37043","North Carolina","Clay","420","94","42","49","129","106","71","100","249","382","38"
"37045","North Carolina","Cleveland","2,026","348","202","247","627","602","541","553","932","1,855","171"
"37047","North Carolina","Columbus","1,365","204","118","153","452","438","242","451","672","1,221","144"
"37049","North Carolina","Craven","7,162","938","715","853","2,204","2,452","2,578","2,428","2,156","6,137","1,025"
"37051","North Carolina","Cumberland","32,059","2,621","1,930","2,622","9,517","15,369","10,326","12,678","9,054","24,866","7,190"
"37053","North Carolina","Currituck","1,903","259","187","201","564","692","539","887","477","1,589","314"
"37055","North Carolina","Dare","774","185","93","113","214","169","124","255","395","699","75"
"37057","North Carolina","Davidson","3,380","591","356","360","1,068","1,005","960","1,059","1,361","3,004","375"
"37059","North Carolina","Davie","976","202","133","102","270","269","237","300","439","893","83"
"37061","North Carolina","Duplin","1,378","205","143","124","431","475","309","415","654","1,217","161"
"37063","North Carolina","Durham","4,979","803","505","601","1,590","1,480","1,566","1,467","1,946","4,137","842"
"37065","North Carolina","Edgecombe","1,144","205","95","136","369","339","196","328","620","1,008","136"
"37067","North Carolina","Forsyth","7,014","1,181","681","825","2,256","2,071","1,910","2,285","2,819","6,069","945"
"37069","North Carolina","Franklin","1,821","279","185","191","592","574","525","639","657","1,584","237"
"37071","North Carolina","Gaston","4,496","734","437","514","1,403","1,408","1,395","1,366","1,735","3,900","596"
"37073","North Carolina","Gates","361","59","36","52","104","110","69","163","129","317","44"
"37075","North Carolina","Graham","181","35","19","20","64","43","29","46","106",,
"37077","North Carolina","Granville","1,300","213","138","162","419","368","289","501","510","1,144","156"
"37079","North Carolina","Greene","347","55","35","27","117","113","57","119","171","312","35"
"37081","North Carolina","Guilford","9,354","1,486","920","1,027","3,079","2,842","2,432","3,251","3,671","7,917","1,436"
"37083","North Carolina","Halifax","993","174","89","111","320","299","139","315","539","889","104"
"37085","North Carolina","Harnett","9,068","745","551","752","2,626","4,394","3,307","3,878","1,883","7,329","1,739"
"37087","North Carolina","Haywood","1,861","386","225","262","537","451","329","522","1,010","1,716","145"
"37089","North Carolina","Henderson","2,488","575","345","311","695","562","457","699","1,332","2,241","247"
"37091","North Carolina","Hertford","477","81","53","62","168","113","81","161","235","425","52"
"37093","North Carolina","Hoke","5,747","328","259","335","1,542","3,283","2,127","2,502","1,118","4,347","1,399"
"37095","North Carolina","Hyde","103","19","17","15","33","19","16","33","54",,
"37097","North Carolina","Iredell","3,955","652","460","480","1,207","1,156","1,350","1,162","1,443","3,500","455"
"37099","North Carolina","Jackson","830","220","96","115","243","156","170","223","437","751","79"
"37101","North Carolina","Johnston","6,800","936","596","771","2,242","2,255","2,325","2,516","1,959","5,797","1,003"
"37103","North Carolina","Jones","491","74","38","51","137","191","128","186","177","419","72"
"37105","North Carolina","Lee","2,228","276","185","226","704","837","690","855","683","1,898","330"
"37107","North Carolina","Lenoir","1,716","256","150","208","538","564","375","541","800","1,508","208"
"37109","North Carolina","Lincoln","1,842","338","177","252","547","528","482","571","789","1,678","162"
"37111","North Carolina","McDowell","1,119","228","111","152","330","298","211","317","591","1,018","101"
"37113","North Carolina","Macon","1,170","302","141","173","303","251","186","305","679","1,062","108"
"37115","North Carolina","Madison","433","84","55","57","122","115","85","146","202","390","43"
"37117","North Carolina","Martin","528","87","61","60","170","150","96","138","294","470","58"
"37119","North Carolina","Mecklenburg","16,696","2,456","1,480","1,743","5,335","5,682","5,945","5,648","5,103","13,468","3,226"
"37121","North Carolina","Mitchell","342","68","38","47","105","84","65","89","188","310","32"
"37123","North Carolina","Montgomery","552","66","34","73","216","163","121","173","258","494","58"
"37125","North Carolina","Moore","6,168","617","378","483","1,641","3,049","1,898","2,579","1,691","5,155","1,013"
"37127","North Carolina","Nash","2,642","444","215","280","852","851","533","923","1,186","2,283","358"
"37129","North Carolina","New Hanover","6,001","982","618","675","1,868","1,858","1,942","1,882","2,177","5,328","672"
"37131","North Carolina","Northampton","388","86","45","43","109","105","34","121","233","338","50"
"37133","North Carolina","Onslow","22,086","1,941","1,570","2,115","6,594","9,866","10,240","7,523","4,323","18,297","3,788"
"37135","North Carolina","Orange","1,491","292","171","184","467","377","458","447","586","1,272","219"
"37137","North Carolina","Pamlico","559","108","68","68","161","154","102","157","300","516","43"
"37139","North Carolina","Pasquotank","1,991","329","219","271","615","557","461","859","671","1,691","300"
"37141","North Carolina","Pender","2,946","379","230","297","844","1,196","970","1,103","873","2,608","338"
"37143","North Carolina","Perquimans","556","107","51","74","171","153","110","206","240","485","71"
"37145","North Carolina","Person","831","132","83","94","313","209","165","275","391","744","87"
"37147","North Carolina","Pitt","4,357","624","419","494","1,464","1,356","1,288","1,477","1,592","3,679","678"
"37149","North Carolina","Polk","468","97","53","61","150","107","93","128","247","427","41"
"37151","North Carolina","Randolph","2,719","428","298","278","928","787","747","806","1,166","2,466","253"
"37153","North Carolina","Richmond","1,143","166","96","114","391","376","203","360","580","1,031","112"
"37155","North Carolina","Robeson","3,059","415","209","312","1,064","1,059","756","1,069","1,234","2,686","372"
"37157","North Carolina","Rockingham","1,811","300","193","210","626","482","407","570","834","1,634","177"
"37159","North Carolina","Rowan","3,570","632","346","385","1,208","999","865","1,058","1,647","3,133","437"
"37161","North Carolina","Rutherford","1,566","304","161","161","486","454","324","432","810","1,418","148"
"37163","North Carolina","Sampson","1,551","207","129","171","493","551","330","528","693","1,362","189"
"37165","North Carolina","Scotland","981","133","93","89","336","330","208","319","454","866","115"
"37167","North Carolina","Stanly","1,175","174","136","120","405","340","366","344","465","1,044","131"
"37169","North Carolina","Stokes","999","166","99","126","315","293","269","273","457","900","99"
"37171","North Carolina","Surry","1,290","236","136","170","411","337","288","336","666","1,216","74"
"37173","North Carolina","Swain","326","69","43","51","88","75","63","91","172","288","38"
"37175","North Carolina","Transylvania","625","160","86","72","178","129","88","156","381","559","66"
"37177","North Carolina","Tyrrell","81","16","11","16","22","16","19","21","41",,
"37179","North Carolina","Union","3,817","649","408","456","1,151","1,153","1,081","1,357","1,379","3,406","410"
"37181","North Carolina","Vance","808","157","65","102","267","217","158","250","400","722","86"
"37183","North Carolina","Wake","19,154","2,954","1,919","2,210","5,944","6,127","6,975","6,895","5,284","15,993","3,159"
"37185","North Carolina","Warren","478","68","42","59","170","139","56","167","255","422","56"
"37187","North Carolina","Washington","277","49","35","40","79","74","46","84","147","248","29"
"37189","North Carolina","Watauga","684","114","88","95","174","213","186","185","313","623","61"
"37191","North Carolina","Wayne","5,808","836","541","640","1,840","1,951","1,449","2,147","2,212","4,893","915"
"37193","North Carolina","Wilkes","1,200","230","124","169","352","325","291","316","593","1,095","105"
"37195","North Carolina","Wilson","1,812","263","146","194","603","606","384","597","831","1,598","214"
"37197","North Carolina","Yadkin","733","139","94","90","215","195","177","191","365","681","52"
"37199","North Carolina","Yancey","407","91","53","41","129","93","51","96","260","368","39"
"38001","North Dakota","Adams","44","13",,,"12",,,,"30",,
"38003","North Dakota","Barnes","219","53","23","30","63","50","49","55","115","200","19"
"38005","North Dakota","Benson","79","19","10","13","23","14","13","22","44","69","10"
"38007","North Dakota","Billings","18",,,,,,,,,,
"38009","North Dakota","Bottineau","166","39","25","22","53","27","38","58","70","151","15"
"38011","North Dakota","Bowman","63","20",,,"15","11","11","17","35",,
"38013","North Dakota","Burke","37","14",,,,,,,"18",,
"38015","North Dakota","Burleigh","1,867","470","243","281","513","360","448","651","768","1,659","208"
"38017","North Dakota","Cass","3,568","952","383","476","1,032","725","963","1,109","1,496","3,223","344"
"38019","North Dakota","Cavalier","60","20","10",,"20",,"10","23","27",,
"38021","North Dakota","Dickey","82","30",,,"16","17","16","26","40",,
"38023","North Dakota","Divide","45",,,"11","12",,,,"20",,
"38025","North Dakota","Dunn","83",,,"15","29","20","29","30","24","70","13"
"38027","North Dakota","Eddy","52","11",,,"15","13","12","12","28",,
"38029","North Dakota","Emmons","64","17",,"13","22",,,,"39","54","10"
"38031","North Dakota","Foster","55","19",,,"10","10","16","12","27",,
"38033","North Dakota","Golden Valley","38","12",,,"10",,,,"24",,
"38035","North Dakota","Grand Forks","1,798","400","255","274","544","325","584","596","618","1,597","201"
"38037","North Dakota","Grant","48",,,,"16","13",,,"24",,
"38039","North Dakota","Griggs","52","19",,,"10","11",,,"36",,
"38041","North Dakota","Hettinger","50","10",,,"20",,"12","16","22",,
"38043","North Dakota","Kidder","35",,,,"11","11",,,"22",,
"38045","North Dakota","LaMoure","68","24",,,"18","14",,,"37",,
"38047","North Dakota","Logan","28",,,,"12",,,,"15",,
"38049","North Dakota","McHenry","152","25","23","20","45","39","28","49","75","135","17"
"38051","North Dakota","McIntosh","37",,,,"11",,,,"24",,
"38053","North Dakota","McKenzie","201","53","19","36","64","29","74","73","54","184","17"
"38055","North Dakota","McLean","235","64","35","24","61","51","34","64","137","216","19"
"38057","North Dakota","Mercer","176","48","20","25","49","34","36","47","93","163","13"
"38059","North Dakota","Morton","646","178","85","87","187","109","159","189","298","602","44"
"38061","North Dakota","Mountrail","132","36","20","24","28","24","34","41","57","116","16"
"38063","North Dakota","Nelson","94","24","17","12","28","13",,,"61","82","12"
"38065","North Dakota","Oliver","39",,,,"11","11",,,"20",,
"38067","North Dakota","Pembina","169","43","29","18","47","32","35","38","96",,
"38069","North Dakota","Pierce","63","16",,,"20","16","10","15","38",,
"38071","North Dakota","Ramsey","244","60","23","39","70","52","33","94","117","221","23"
"38073","North Dakota","Ransom","167","29","12","25","61","40","19","31","117",,
"38075","North Dakota","Renville","103","18","15","12","32","26","30","43","30","91","12"
"38077","North Dakota","Richland","345","96","27","41","104","77","74","89","182","323","22"
"38079","North Dakota","Rolette","156","44","14","15","50","33","24","50","82","146","10"
"38081","North Dakota","Sargent","70","17",,,"22","13","15","16","39",,
"38083","North Dakota","Sheridan","18",,,,,,,,,,
"38085","North Dakota","Sioux","37",,,,"17",,"10","14","13",,
"38087","North Dakota","Slope","17",,,,,,,,,,
"38089","North Dakota","Stark","597","110","48","67","239","133","214","175","208","545","52"
"38091","North Dakota","Steele","57","20",,,"11","15",,,"43",,
"38093","North Dakota","Stutsman","392","118","45","58","106","65","77","115","200","366","26"
"38095","North Dakota","Towner","43","13",,,,"12",,,"23",,
"38097","North Dakota","Traill","191","49","24","20","57","41","32","64","95","180","11"
"38099","North Dakota","Walsh","142","33",,,"39","41","26","46","70",,
"38101","North Dakota","Ward","2,524","489","299","374","818","544","974","876","674","2,137","387"
"38103","North Dakota","Wells","63","16",,,"19","13",,,"33","49","14"
"38105","North Dakota","Williams","608","149","69","91","188","111","237","218","153","551","57"
"39001","Ohio","Adams","538","156","65","80","127","110","114","144","280","511","27"
"39003","Ohio","Allen","1,547","351","207","197","457","335","436","464","647","1,418","129"
"39005","Ohio","Ashland","1,021","263","129","116","313","200","267","265","489","945","76"
"39007","Ohio","Ashtabula","2,232","574","270","260","621","507","529","640","1,063","2,053","179"
"39009","Ohio","Athens","981","235","121","123","298","204","250","272","459","910","70"
"39011","Ohio","Auglaize","725","160","99","106","223","137","213","201","311","684","41"
"39013","Ohio","Belmont","1,356","442","202","181","298","233","205","370","781","1,275","81"
"39015","Ohio","Brown","988","244","124","114","293","213","238","244","506","919","69"
"39017","Ohio","Butler","5,980","1,836","784","757","1,528","1,075","1,610","1,777","2,593","5,484","495"
"39019","Ohio","Carroll","497","135","60","67","134","101","116","153","228","462","35"
"39021","Ohio","Champaign","703","177","95","99","196","136","184","231","288","628","75"
"39023","Ohio","Clark","3,076","675","423","428","930","620","735","978","1,363","2,722","353"
"39025","Ohio","Clermont","4,098","1,154","552","554","1,107","731","1,256","1,120","1,722","3,782","315"
"39027","Ohio","Clinton","889","201","133","113","263","179","221","281","387","831","58"
"39029","Ohio","Columbiana","2,040","506","252","270","561","451","479","603","958","1,865","175"
"39031","Ohio","Coshocton","737","206","101","81","215","134","194","205","338","680","56"
"39033","Ohio","Crawford","698","188","85","90","208","127","165","202","331","645","53"
"39035","Ohio","Cuyahoga","15,046","3,577","1,867","1,860","4,225","3,517","3,854","4,374","6,818","13,183","1,863"
"39037","Ohio","Darke","824","209","109","112","213","181","218","226","380","759","65"
"39039","Ohio","Defiance","819","296","111","90","179","143","182","205","432","762","56"
"39041","Ohio","Delaware","2,829","681","347","368","759","674","938","862","1,029","2,555","274"
"39043","Ohio","Erie","1,335","298","159","145","404","329","312","395","628","1,194","141"
"39045","Ohio","Fairfield","3,319","732","433","439","942","773","1,056","1,157","1,106","2,953","366"
"39047","Ohio","Fayette","553","107","78","55","190","123","168","153","232","512","41"
"39049","Ohio","Franklin","14,582","3,469","1,996","1,989","4,148","2,980","4,908","4,495","5,179","12,596","1,985"
"39051","Ohio","Fulton","697","186","101","111","179","120","199","191","307","629","68"
"39053","Ohio","Gallia","630","166","67","83","167","147","128","199","303","588","42"
"39055","Ohio","Geauga","1,492","510","212","159","306","305","328","359","805","1,378","114"
"39057","Ohio","Greene","6,947","1,380","926","915","1,998","1,728","1,761","2,926","2,260","5,788","1,159"
"39059","Ohio","Guernsey","865","176","117","103","249","220","218","260","387","783","82"
"39061","Ohio","Hamilton","9,012","2,471","1,255","1,262","2,390","1,634","2,557","2,498","3,957","8,001","1,008"
"39063","Ohio","Hancock","1,207","422","165","160","251","209","326","324","557","1,099","108"
"39065","Ohio","Hardin","434","113","52","61","114","94","115","113","206","402","32"
"39067","Ohio","Harrison","284","65","44","31","84","60","64","78","142","260","24"
"39069","Ohio","Henry","392","124","51","51","91","75","99","111","182","368","24"
"39071","Ohio","Highland","962","255","116","114","260","217","202","320","440","890","72"
"39073","Ohio","Hocking","592","138","68","73","176","137","138","178","276","539","53"
"39075","Ohio","Holmes","329","79","48","41","97","64","71","75","183","309","20"
"39077","Ohio","Huron","961","230","127","100","286","218","287","272","402","886","75"
"39079","Ohio","Jackson","811","185","86","115","234","191","183","241","387","755","55"
"39081","Ohio","Jefferson","1,338","343","148","196","344","307","243","415","680","1,245","93"
"39083","Ohio","Knox","1,129","309","150","142","308","220","273","361","495","1,039","90"
"39085","Ohio","Lake","4,061","1,080","538","491","1,048","904","1,047","1,109","1,905","3,729","332"
"39087","Ohio","Lawrence","1,414","284","148","139","438","405","269","505","640","1,323","91"
"39089","Ohio","Licking","4,110","1,209","565","527","1,053","756","1,148","1,219","1,743","3,736","372"
"39091","Ohio","Logan","795","218","116","115","194","152","208","217","370","720","75"
"39093","Ohio","Lorain","5,575","1,335","738","715","1,579","1,208","1,530","1,727","2,318","4,997","577"
"39095","Ohio","Lucas","5,127","1,352","661","668","1,420","1,026","1,372","1,552","2,203","4,596","531"
"39097","Ohio","Madison","643","148","93","93","193","116","205","182","256","590","53"
"39099","Ohio","Mahoning","3,624","783","423","424","985","1,009","852","1,122","1,650","3,271","352"
"39101","Ohio","Marion","999","252","134","140","265","208","275","289","435","922","77"
"39103","Ohio","Medina","2,861","701","370","342","789","659","887","818","1,156","2,633","227"
"39105","Ohio","Meigs","531","125","66","63","156","121","93","173","265","499","32"
"39107","Ohio","Mercer","514","142","62","91","129","90","105","142","267","482","32"
"39109","Ohio","Miami","2,352","442","306","295","711","598","733","787","832","2,079","272"
"39111","Ohio","Monroe","297","94","38","41","71","53","46","81","170","286","11"
"39113","Ohio","Montgomery","12,417","2,575","1,599","1,699","3,667","2,877","3,299","4,590","4,528","10,507","1,910"
"39115","Ohio","Morgan","436","114","55","56","107","104","86","133","217","405","30"
"39117","Ohio","Morrow","729","188","104","92","189","156","201","236","292","674","55"
"39119","Ohio","Muskingum","1,522","402","201","191","436","292","426","444","652","1,393","129"
"39121","Ohio","Noble","319","92","49","40","78","60","42","103","174","305","14"
"39123","Ohio","Ottawa","860","243","119","97","233","168","190","245","425","805","55"
"39125","Ohio","Paulding","348","114","50","54","67","63","64","107","177","323","25"
"39127","Ohio","Perry","722","182","97","94","212","137","196","235","291","673","49"
"39129","Ohio","Pickaway","1,332","291","168","167","409","297","436","402","494","1,230","102"
"39131","Ohio","Pike","736","198","87","88","209","154","164","206","366","686","50"
"39133","Ohio","Portage","2,618","658","323","330","733","574","718","799","1,101","2,377","241"
"39135","Ohio","Preble","818","196","94","105","247","176","212","206","400","754","64"
"39137","Ohio","Putnam","421","134","69","56","94","68","112","108","201","405","16"
"39139","Ohio","Richland","2,481","648","314","333","654","532","636","682","1,163","2,273","207"
"39141","Ohio","Ross","1,976","485","249","246","572","424","439","691","846","1,804","172"
"39143","Ohio","Sandusky","1,050","299","155","155","257","184","280","303","467","961","89"
"39145","Ohio","Scioto","1,605","418","190","201","441","355","331","493","781","1,507","98"
"39147","Ohio","Seneca","778","223","115","106","202","132","188","221","369","733","44"
"39149","Ohio","Shelby","706","171","96","123","170","146","217","184","305","648","58"
"39151","Ohio","Stark","6,204","1,420","809","737","1,835","1,403","1,694","1,862","2,648","5,594","610"
"39153","Ohio","Summit","7,101","1,696","881","929","2,015","1,580","2,079","2,038","2,984","6,321","780"
"39155","Ohio","Trumbull","4,020","1,004","471","519","1,053","973","874","1,185","1,961","3,724","296"
"39157","Ohio","Tuscarawas","1,649","474","197","250","428","300","415","438","796","1,539","110"
"39159","Ohio","Union","1,144","264","151","167","321","241","412","309","423","1,036","108"
"39161","Ohio","Van Wert","444","123","61","60","112","88","107","135","202","417","27"
"39163","Ohio","Vinton","304","64","31","44","98","67","56","86","162","288","16"
"39165","Ohio","Warren","4,374","981","539","548","1,250","1,056","1,287","1,589","1,498","3,905","469"
"39167","Ohio","Washington","1,465","353","158","177","445","332","353","447","665","1,351","114"
"39169","Ohio","Wayne","1,596","461","223","212","383","317","464","408","724","1,457","138"
"39171","Ohio","Williams","704","214","106","76","162","146","177","204","323","648","56"
"39173","Ohio","Wood","1,720","462","229","228","453","348","553","515","652","1,581","139"
"39175","Ohio","Wyandot","335","97","52","62","65","59","93","85","157","312","23"
"40001","Oklahoma","Adair","397","84","33","44","138","98","85","110","202","373","24"
"40003","Oklahoma","Alfalfa","111","31","18","12","28","22","23","41","47",,
"40005","Oklahoma","Atoka","393","81","39","50","137","86","85","107","201","362","31"
"40007","Oklahoma","Beaver","58","20",,,"17","10",,,"34",,
"40009","Oklahoma","Beckham","339","73","44","33","105","84","92","97","150","313","26"
"40011","Oklahoma","Blaine","184","46","17","26","53","42","36","49","99","168","15"
"40013","Oklahoma","Bryan","1,308","252","150","157","405","344","336","362","610","1,200","108"
"40015","Oklahoma","Caddo","632","121","55","60","200","196","128","206","298","584","48"
"40017","Oklahoma","Canadian","5,985","886","492","653","1,853","2,101","2,262","2,054","1,669","5,177","808"
"40019","Oklahoma","Carter","1,250","233","118","169","386","344","285","355","610","1,144","106"
"40021","Oklahoma","Cherokee","1,385","227","119","165","471","403","290","423","672","1,275","110"
"40023","Oklahoma","Choctaw","372","66","47","48","111","100","48","100","224","351","21"
"40025","Oklahoma","Cimarron","15",,,,,,,,,,
"40027","Oklahoma","Cleveland","10,741","1,705","900","1,110","3,301","3,725","3,084","4,013","3,644","9,404","1,336"
"40029","Oklahoma","Coal","128","22","15","18","38","35","22","39","67","118","10"
"40031","Oklahoma","Comanche","10,461","920","649","745","2,880","5,267","2,874","4,304","3,283","8,807","1,654"
"40033","Oklahoma","Cotton","203","38","22","17","56","70","36","81","86","178","25"
"40035","Oklahoma","Craig","347","85","29","47","98","88","73","86","188","323","24"
"40037","Oklahoma","Creek","1,825","360","189","228","632","416","462","543","820","1,675","150"
"40039","Oklahoma","Custer","467","89","54","54","145","125","112","125","230","434","33"
"40041","Oklahoma","Delaware","1,253","201","122","125","409","396","196","377","680","1,148","105"
"40043","Oklahoma","Dewey","67","15",,,"23","14","17","18","32",,
"40045","Oklahoma","Ellis","62",,,,"27","13","20","18","24","52","10"
"40047","Oklahoma","Garfield","1,651","333","176","202","509","431","498","543","610","1,468","183"
"40049","Oklahoma","Garvin","708","132","65","87","227","197","158","164","386","648","59"
"40051","Oklahoma","Grady","1,911","334","155","210","578","634","524","616","771","1,733","178"
"40053","Oklahoma","Grant","75","23",,,"27","11","17","18","40",,
"40055","Oklahoma","Greer","184","32","19","21","60","52","50","53","81","161","23"
"40057","Oklahoma","Harmon","66","13",,,"20","12","11","22","33",,
"40059","Oklahoma","Harper","51","12",,,"11","13","11","11","29",,
"40061","Oklahoma","Haskell","379","69","29","36","129","116","60","93","226","351","28"
"40063","Oklahoma","Hughes","396","61","29","56","135","115","68","122","206","365","31"
"40065","Oklahoma","Jackson","1,559","238","175","207","475","464","461","559","539","1,356","203"
"40067","Oklahoma","Jefferson","126","17",,,"48","41","23","33","70","116","10"
"40069","Oklahoma","Johnston","311","71","32","37","95","76","58","92","161","290","21"
"40071","Oklahoma","Kay","966","221","103","117","281","244","230","250","486","900","65"
"40073","Oklahoma","Kingfisher","272","57","26","35","90","64","81","82","109","254","17"
"40075","Oklahoma","Kiowa","239","52","18","30","66","73","47","67","125","227","12"
"40077","Oklahoma","Latimer","372","75","33","39","125","100","42","121","209","345","27"
"40079","Oklahoma","Le Flore","1,509","238","137","176","515","443","264","470","775","1,387","122"
"40081","Oklahoma","Lincoln","1,176","212","126","123","389","326","326","387","463","1,066","110"
"40083","Oklahoma","Logan","1,834","252","162","180","565","675","506","706","622","1,626","208"
"40085","Oklahoma","Love","243","54","24","25","76","64","43","77","123","225","18"
"40087","Oklahoma","McClain","1,762","286","122","188","540","626","502","585","675","1,596","166"
"40089","Oklahoma","McCurtain","681","131","73","93","215","169","155","191","335","633","48"
"40091","Oklahoma","McIntosh","816","130","63","88","290","245","122","215","479","755","61"
"40093","Oklahoma","Major","116","31","12","10","34","29","23","43","50",,
"40095","Oklahoma","Marshall","450","89","36","52","154","119","78","120","252","424","26"
"40097","Oklahoma","Mayes","1,177","231","122","116","404","304","291","335","551","1,087","90"
"40099","Oklahoma","Murray","433","64","27","41","150","151","82","141","210","398","35"
"40101","Oklahoma","Muskogee","2,440","471","262","261","803","643","510","727","1,203","2,176","264"
"40103","Oklahoma","Noble","227","50","25","22","75","55","62","73","92","210","17"
"40105","Oklahoma","Nowata","208","55","22","19","61","51","54","49","105","189","19"
"40107","Oklahoma","Okfuskee","292","59","20","27","94","92","68","94","130","255","37"
"40109","Oklahoma","Oklahoma","21,675","3,665","2,011","2,334","6,817","6,848","6,279","7,530","7,866","18,696","2,977"
"40111","Oklahoma","Okmulgee","1,137","208","127","151","369","282","229","309","599","1,030","107"
"40113","Oklahoma","Osage","1,204","275","125","133","367","304","253","335","616","1,119","85"
"40115","Oklahoma","Ottawa","843","191","79","91","262","220","148","241","454","790","53"
"40117","Oklahoma","Pawnee","429","95","45","62","126","101","96","115","218","400","29"
"40119","Oklahoma","Payne","1,438","288","166","170","441","373","460","390","588","1,296","142"
"40121","Oklahoma","Pittsburg","1,831","316","185","224","609","497","301","580","950","1,711","120"
"40123","Oklahoma","Pontotoc","894","138","87","89","329","251","203","260","431","814","80"
"40125","Oklahoma","Pottawatomie","2,516","423","197","268","861","767","670","811","1,035","2,275","239"
"40127","Oklahoma","Pushmataha","391","61","31","50","138","111","60","105","226","358","33"
"40129","Oklahoma","Roger Mills","54",,,,"14","17","14","20","20",,
"40131","Oklahoma","Rogers","3,189","684","335","346","993","831","815","989","1,385","2,900","288"
"40133","Oklahoma","Seminole","637","106","50","82","211","188","132","209","296","584","52"
"40135","Oklahoma","Sequoyah","1,380","194","113","167","449","457","260","434","686","1,276","104"
"40137","Oklahoma","Stephens","1,526","251","137","160","452","526","304","471","750","1,400","126"
"40139","Oklahoma","Texas","142","47","17","15","39","24","34","45","63","132","10"
"40141","Oklahoma","Tillman","205","36","15","19","69","66","44","81","80","185","20"
"40143","Oklahoma","Tulsa","13,244","2,999","1,440","1,540","4,070","3,195","3,780","4,056","5,408","11,898","1,346"
"40145","Oklahoma","Wagoner","2,849","551","254","305","905","834","806","874","1,169","2,583","266"
"40147","Oklahoma","Washington","1,315","280","132","156","433","314","335","354","626","1,211","104"
"40149","Oklahoma","Washita","203","44","13","17","60","69","45","56","102","189","14"
"40151","Oklahoma","Woods","119","30","12","15","37","25","23","40","56","109","10"
"40153","Oklahoma","Woodward","329","69","46","43","97","74","80","90","159","302","27"
"41001","Oregon","Baker","686","180","97","98","192","119","111","173","402","644","42"
"41003","Oregon","Benton","1,488","344","192","202","454","296","496","397","595","1,308","180"
"41005","Oregon","Clackamas","7,239","1,768","1,004","1,026","2,056","1,385","2,048","2,026","3,165","6,533","702"
"41007","Oregon","Clatsop","1,165","281","152","165","319","248","234","351","580","1,047","118"
"41009","Oregon","Columbia","1,570","369","219","235","436","311","392","460","718","1,425","144"
"41011","Oregon","Coos","2,394","436","248","261","802","647","396","663","1,335","2,171","223"
"41013","Oregon","Crook","962","227","109","124","279","223","240","232","490","883","79"
"41015","Oregon","Curry","807","190","82","98","231","206","123","196","488","735","72"
"41017","Oregon","Deschutes","4,624","1,079","595","613","1,323","1,014","1,459","1,142","2,023","4,162","462"
"41019","Oregon","Douglas","4,976","797","465","572","1,620","1,522","898","1,351","2,727","4,490","486"
"41021","Oregon","Gilliam","63","14","12",,"18",,,,"43",,
"41023","Oregon","Grant","276","63","36","41","84","52","50","63","163","259","17"
"41025","Oregon","Harney","235","48","30","27","81","49","40","61","134","212","23"
"41027","Oregon","Hood River","364","91","59","58","92","64","87","99","178","334","30"
"41029","Oregon","Jackson","6,350","1,435","744","785","1,910","1,476","1,427","1,817","3,106","5,750","600"
"41031","Oregon","Jefferson","691","156","78","100","203","154","147","154","390","643","48"
"41033","Oregon","Josephine","3,044","593","333","382","924","812","645","731","1,668","2,759","285"
"41035","Oregon","Klamath","2,680","524","299","304","861","692","660","767","1,253","2,389","291"
"41037","Oregon","Lake","310","65","29","48","102","66","51","85","174","290","20"
"41039","Oregon","Lane","8,333","1,671","923","1,054","2,564","2,121","2,238","2,169","3,926","7,420","911"
"41041","Oregon","Lincoln","1,505","366","164","172","434","369","210","387","908","1,370","135"
"41043","Oregon","Linn","3,618","787","456","487","1,131","757","995","1,000","1,623","3,243","374"
"41045","Oregon","Malheur","474","110","58","67","135","104","101","144","229","436","38"
"41047","Oregon","Marion","5,802","1,311","795","827","1,775","1,094","1,683","1,706","2,413","5,155","646"
"41049","Oregon","Morrow","265","59","42","27","82","55","64","62","139","242","23"
"41051","Oregon","Multnomah","8,939","2,066","1,253","1,237","2,684","1,699","3,128","2,557","3,254","7,724","1,214"
"41053","Oregon","Polk","2,063","449","246","283","631","454","562","605","896","1,841","222"
"41055","Oregon","Sherman","71","23",,,"15","12","21","17","33",,
"41057","Oregon","Tillamook","774","177","109","98","230","160","106","177","491","716","58"
"41059","Oregon","Umatilla","1,711","399","209","248","483","372","404","497","810","1,575","135"
"41061","Oregon","Union","739","178","103","95","189","174","184","197","358","670","69"
"41063","Oregon","Wallowa","221","64","27","30","66","34","32","58","131","203","18"
"41065","Oregon","Wasco","676","163","93","94","203","123","138","179","359","626","50"
"41067","Oregon","Washington","8,925","2,061","1,254","1,298","2,545","1,767","3,189","2,606","3,130","7,911","1,012"
"41069","Oregon","Wheeler","39",,,,"16",,,,"24",,
"41071","Oregon","Yamhill","1,989","490","255","278","584","382","581","516","892","1,817","172"
"42001","Pennsylvania","Adams","1,888","418","243","258","538","431","490","599","799","1,640","248"
"42003","Pennsylvania","Allegheny","14,249","3,498","1,815","1,919","3,787","3,230","3,913","4,029","6,307","12,771","1,478"
"42005","Pennsylvania","Armstrong","1,103","247","135","134","299","288","260","289","554","1,029","72"
"42007","Pennsylvania","Beaver","2,941","696","401","412","809","623","723","891","1,327","2,671","268"
"42009","Pennsylvania","Bedford","1,010","237","133","129","263","248","199","310","501","942","68"
"42011","Pennsylvania","Berks","4,536","954","536","593","1,314","1,139","1,336","1,293","1,907","4,117","419"
"42013","Pennsylvania","Blair","2,862","659","348","365","829","661","563","894","1,405","2,629","233"
"42015","Pennsylvania","Bradford","1,172","253","147","132","349","291","297","370","505","1,061","111"
"42017","Pennsylvania","Bucks","6,156","1,264","664","736","1,891","1,601","1,698","1,658","2,800","5,642","511"
"42019","Pennsylvania","Butler","3,361","809","428","442","870","812","891","1,002","1,468","3,054","307"
"42021","Pennsylvania","Cambria","2,958","720","354","404","832","648","622","907","1,429","2,736","222"
"42023","Pennsylvania","Cameron","118","26","15","15","43","19","29","28","61",,
"42025","Pennsylvania","Carbon","1,190","248","129","136","367","310","287","344","559","1,098","92"
"42027","Pennsylvania","Centre","2,127","590","253","255","593","436","604","646","877","1,919","208"
"42029","Pennsylvania","Chester","5,604","1,155","555","644","1,708","1,542","1,471","1,567","2,566","5,102","502"
"42031","Pennsylvania","Clarion","633","145","78","85","188","137","153","202","278","590","42"
"42033","Pennsylvania","Clearfield","1,682","388","224","204","469","397","361","551","770","1,557","124"
"42035","Pennsylvania","Clinton","1,008","266","120","139","269","214","203","292","513","940","68"
"42037","Pennsylvania","Columbia","1,105","233","132","135","342","263","294","360","451","1,000","105"
"42039","Pennsylvania","Crawford","1,972","529","220","255","495","473","432","591","949","1,823","149"
"42041","Pennsylvania","Cumberland","5,490","1,094","702","732","1,580","1,382","1,414","2,108","1,968","4,779","711"
"42043","Pennsylvania","Dauphin","4,302","828","483","539","1,313","1,139","1,180","1,541","1,581","3,715","586"
"42045","Pennsylvania","Delaware","5,093","1,026","508","551","1,546","1,462","1,285","1,438","2,370","4,575","516"
"42047","Pennsylvania","Elk","523","132","78","76","141","96","99","149","275","486","37"
"42049","Pennsylvania","Erie","5,311","1,403","601","620","1,475","1,212","1,337","1,577","2,397","4,823","487"
"42051","Pennsylvania","Fayette","2,165","483","268","279","645","490","391","691","1,083","2,026","138"
"42053","Pennsylvania","Forest","152","49","17","23","31","32","18","51","83",,
"42055","Pennsylvania","Franklin","3,011","652","420","404","867","668","829","1,016","1,166","2,676","335"
"42057","Pennsylvania","Fulton","235","48","30","28","68","61","72","63","100","213","22"
"42059","Pennsylvania","Greene","621","126","91","83","198","123","130","193","298","572","49"
"42061","Pennsylvania","Huntingdon","957","269","127","143","243","175","188","297","472","892","63"
"42063","Pennsylvania","Indiana","1,235","271","166","164","362","272","318","351","566","1,134","101"
"42065","Pennsylvania","Jefferson","775","205","95","88","218","169","172","232","371","718","57"
"42067","Pennsylvania","Juniata","229","56","26","29","78","40","50","77","102","203","26"
"42069","Pennsylvania","Lackawanna","3,036","627","309","350","940","810","761","801","1,474","2,783","253"
"42071","Pennsylvania","Lancaster","5,475","1,189","684","694","1,514","1,394","1,621","1,562","2,292","4,900","575"
"42073","Pennsylvania","Lawrence","1,435","359","188","175","376","337","345","450","640","1,319","114"
"42075","Pennsylvania","Lebanon","2,870","584","340","319","828","799","670","1,020","1,180","2,557","313"
"42077","Pennsylvania","Lehigh","3,387","712","395","430","974","876","1,021","927","1,439","3,057","330"
"42079","Pennsylvania","Luzerne","5,090","1,130","531","635","1,502","1,292","1,117","1,448","2,525","4,659","431"
"42081","Pennsylvania","Lycoming","2,229","539","270","307","646","467","617","706","906","1,990","239"
"42083","Pennsylvania","McKean","886","243","106","107","241","189","188","250","448","831","55"
"42085","Pennsylvania","Mercer","1,939","433","221","263","513","509","500","604","835","1,739","200"
"42087","Pennsylvania","Mifflin","737","168","98","111","201","159","168","236","333","675","62"
"42089","Pennsylvania","Monroe","2,410","440","218","261","728","763","661","727","1,022","2,158","252"
"42091","Pennsylvania","Montgomery","7,535","1,483","866","869","2,255","2,062","2,171","2,115","3,248","6,812","723"
"42093","Pennsylvania","Montour","322","65","50","29","97","81","94","103","125","295","27"
"42095","Pennsylvania","Northampton","3,245","706","362","403","977","797","904","861","1,480","2,970","274"
"42097","Pennsylvania","Northumberland","1,483","335","200","172","422","354","370","455","658","1,369","114"
"42099","Pennsylvania","Perry","877","203","106","123","251","194","225","289","363","796","81"
"42101","Pennsylvania","Philadelphia","12,924","2,127","1,154","1,409","4,335","3,899","3,596","3,642","5,686","11,337","1,586"
"42103","Pennsylvania","Pike","1,207","229","119","123","376","360","349","348","510","1,094","113"
"42105","Pennsylvania","Potter","436","111","42","58","122","103","67","125","244","410","26"
"42107","Pennsylvania","Schuylkill","2,282","419","253","307","727","576","508","720","1,054","2,066","216"
"42109","Pennsylvania","Snyder","439","109","54","74","111","91","108","130","201","403","36"
"42111","Pennsylvania","Somerset","1,423","303","189","178","409","344","292","419","712","1,327","96"
"42113","Pennsylvania","Sullivan","146","38","19","16","39","34","37","40","69","135","11"
"42115","Pennsylvania","Susquehanna","678","145","69","93","210","161","175","180","323","628","50"
"42117","Pennsylvania","Tioga","1,042","251","132","124","282","253","220","327","495","973","68"
"42119","Pennsylvania","Union","457","97","55","56","141","108","119","159","179","411","46"
"42121","Pennsylvania","Venango","1,209","339","155","160","315","240","257","383","569","1,127","82"
"42123","Pennsylvania","Warren","1,163","421","149","124","266","203","229","335","599","1,080","83"
"42125","Pennsylvania","Washington","3,159","780","434","412","839","694","710","874","1,575","2,922","237"
"42127","Pennsylvania","Wayne","1,030","238","119","113","270","290","234","298","498","936","94"
"42129","Pennsylvania","Westmoreland","5,296","1,253","740","710","1,408","1,185","1,270","1,457","2,569","4,866","427"
"42131","Pennsylvania","Wyoming","476","83","49","52","156","136","112","141","223","436","40"
"42133","Pennsylvania","York","7,601","1,540","895","977","2,205","1,984","2,308","2,689","2,604","6,696","904"
"44001","Rhode Island","Bristol","767","209","97","82","201","178","163","216","388","697","70"
"44003","Rhode Island","Kent","3,411","801","412","448","994","756","980","966","1,465","3,101","310"
"44005","Rhode Island","Newport","1,996","474","248","290","553","431","439","670","887","1,732","264"
"44007","Rhode Island","Providence","7,775","1,909","937","1,046","2,224","1,659","2,281","1,973","3,521","7,110","665"
"44009","Rhode Island","Washington","2,263","603","287","286","637","450","492","653","1,118","2,072","189"
"45001","South Carolina","Abbeville","637","107","51","82","198","199","119","196","322","575","62"
"45003","South Carolina","Aiken","5,544","807","577","665","1,785","1,710","1,612","2,019","1,913","4,678","865"
"45005","South Carolina","Allendale","174","20","14","22","62","56","18","75","81","152","22"
"45007","South Carolina","Anderson","4,541","766","485","593","1,411","1,286","1,134","1,466","1,941","4,103","437"
"45009","South Carolina","Bamberg","313","51","32","42","104","84","53","113","147","272","40"
"45011","South Carolina","Barnwell","461","82","49","71","153","106","78","181","202","414","47"
"45013","South Carolina","Beaufort","6,801","1,148","793","816","2,057","1,987","2,045","2,191","2,565","5,793","1,008"
"45015","South Carolina","Berkeley","12,046","1,828","1,227","1,567","3,900","3,524","4,095","4,479","3,472","10,000","2,043"
"45017","South Carolina","Calhoun","458","83","50","47","144","134","96","159","203","403","55"
"45019","South Carolina","Charleston","10,261","1,927","1,222","1,319","3,155","2,638","2,879","3,367","4,015","8,815","1,446"
"45021","South Carolina","Cherokee","1,024","178","105","129","344","268","231","314","479","937","87"
"45023","South Carolina","Chester","686","111","74","86","223","192","143","200","343","633","53"
"45025","South Carolina","Chesterfield","976","150","99","123","336","268","235","318","423","857","119"
"45027","South Carolina","Clarendon","1,161","230","110","148","352","321","147","354","660","1,047","114"
"45029","South Carolina","Colleton","1,174","188","123","158","376","329","231","430","513","1,025","149"
"45031","South Carolina","Darlington","1,398","224","149","161","456","408","292","474","632","1,236","161"
"45033","South Carolina","Dillon","605","97","60","66","216","166","133","236","236","526","79"
"45035","South Carolina","Dorchester","8,138","1,296","877","1,044","2,557","2,364","2,457","3,304","2,377","6,768","1,370"
"45037","South Carolina","Edgefield","902","117","83","122","288","292","211","379","312","760","142"
"45039","South Carolina","Fairfield","718","113","70","72","218","245","93","292","333","628","90"
"45041","South Carolina","Florence","3,271","496","311","391","1,117","956","725","1,191","1,355","2,800","471"
"45043","South Carolina","Georgetown","1,720","354","177","189","527","473","298","492","930","1,530","190"
"45045","South Carolina","Greenville","9,668","1,759","1,076","1,107","2,973","2,753","2,961","3,112","3,594","8,465","1,202"
"45047","South Carolina","Greenwood","1,407","220","130","146","453","458","276","405","726","1,285","122"
"45049","South Carolina","Hampton","499","77","48","54","180","140","112","186","201","439","60"
"45051","South Carolina","Horry","12,060","2,226","1,119","1,318","3,584","3,813","2,230","3,691","6,138","10,806","1,252"
"45053","South Carolina","Jasper","1,051","160","104","126","333","328","224","338","489","910","141"
"45055","South Carolina","Kershaw","3,516","384","285","343","1,060","1,444","932","1,442","1,142","2,852","664"
"45057","South Carolina","Lancaster","2,249","350","211","242","655","791","511","766","972","1,975","274"
"45059","South Carolina","Laurens","1,487","244","150","190","458","445","298","459","730","1,357","130"
"45061","South Carolina","Lee","422","59","39","53","136","135","73","158","191","360","62"
"45063","South Carolina","Lexington","9,171","1,306","809","1,032","2,781","3,243","2,802","3,434","2,935","7,872","1,299"
"45065","South Carolina","McCormick","403","77","38","43","116","129","31","129","243","360","43"
"45067","South Carolina","Marion","867","131","70","106","288","272","146","297","424","761","106"
"45069","South Carolina","Marlboro","592","94","57","70","200","171","111","211","270","528","64"
"45071","South Carolina","Newberry","814","120","89","99","237","269","147","264","403","740","74"
"45073","South Carolina","Oconee","1,927","384","188","236","553","566","419","553","955","1,760","166"
"45075","South Carolina","Orangeburg","2,265","364","237","268","767","629","421","758","1,086","1,973","292"
"45077","South Carolina","Pickens","2,420","471","307","302","697","643","686","691","1,043","2,199","221"
"45079","South Carolina","Richland","20,680","2,088","1,459","1,818","6,138","9,177","5,471","8,547","6,662","15,745","4,933"
"45081","South Carolina","Saluda","414","69","43","49","135","118","80","135","199","383","31"
"45083","South Carolina","Spartanburg","6,640","1,128","692","806","2,090","1,924","2,075","2,107","2,458","5,837","802"
"45085","South Carolina","Sumter","6,412","869","577","728","1,991","2,247","1,575","2,569","2,268","5,226","1,186"
"45087","South Carolina","Union","566","98","57","70","181","160","81","216","269","522","44"
"45089","South Carolina","Williamsburg","830","138","64","109","262","257","161","282","387","734","96"
"45091","South Carolina","York","6,184","943","614","683","1,930","2,014","1,817","2,201","2,166","5,403","781"
"46003","South Dakota","Aurora","65","16",,"14",,"16","10","14","41",,
"46005","South Dakota","Beadle","279","114","30","26","62","47","39","76","164","259","20"
"46007","South Dakota","Bennett","41",,,,"11","11","12","13","16",,
"46009","South Dakota","Bon Homme","143","49","32","18","27","17","27","38","78",,
"46011","South Dakota","Brookings","613","204","78","82","147","102","172","177","264","557","56"
"46013","South Dakota","Brown","719","213","112","101","171","122","170","230","319","659","60"
"46015","South Dakota","Brule","102","33","20","14","23","12","17","37","48","91","11"
"46017","South Dakota","Buffalo","17",,,,,,,,,,
"46019","South Dakota","Butte","356","73","58","48","105","72","70","116","170","325","31"
"46021","South Dakota","Campbell","26",,,,,,,,"14",,
"46023","South Dakota","Charles Mix","155","52","23","18","37","25","22","51","82",,
"46025","South Dakota","Clark","65","17",,,"15","12","12","14","39",,
"46027","South Dakota","Clay","247","65","32","35","73","42","70","86","91","231","16"
"46029","South Dakota","Codington","635","196","95","71","154","119","124","216","295","586","49"
"46031","South Dakota","Corson","49","11",,,"18",,"11","20","18",,
"46033","South Dakota","Custer","517","128","62","65","150","112","56","195","266","456","61"
"46035","South Dakota","Davison","503","160","62","54","120","107","77","143","283","465","38"
"46037","South Dakota","Day","178","60","16","21","45","36","30","44","104","166","12"
"46039","South Dakota","Deuel","97","34","12","15","22","14","12","39","46","84","13"
"46041","South Dakota","Dewey","73","15",,,"22","16","19","23","31",,
"46043","South Dakota","Douglas","50","15",,"11","10",,"11","14","25",,
"46045","South Dakota","Edmunds","50","16",,,"11",,,,"28",,
"46047","South Dakota","Fall River","598","118","73","79","158","170","66","212","320","528","70"
"46049","South Dakota","Faulk","41",,,,,"10",,,"23",,
"46051","South Dakota","Grant","174","57","27","19","33","38","20","49","105",,
"46053","South Dakota","Gregory","91","26",,,"29","18","19","23","49","76","15"
"46055","South Dakota","Haakon","23",,,,,,,,"12",,
"46057","South Dakota","Hamlin","110","39","13","11","27","20","21","39","50","96","14"
"46059","South Dakota","Hand","59","15",,"10","18",,"10","17","32",,
"46061","South Dakota","Hanson","91","32",,,"23","14","17","29","45","79","12"
"46063","South Dakota","Harding","19",,,,,,,,,,
"46065","South Dakota","Hughes","340","81","53","52","100","54","75","131","134","301","39"
"46067","South Dakota","Hutchinson","163","42","26","22","42","31","31","52","80","150","13"
"46069","South Dakota","Hyde","20",,,,,,,,,,
"46071","South Dakota","Jackson","21",,,,,,,,,,
"46073","South Dakota","Jerauld","55","17",,,,"14",,,"39",,
"46075","South Dakota","Jones",,,,,,,,,,,
"46077","South Dakota","Kingsbury","133","40","15","24","35","19","25","37","71",,
"46079","South Dakota","Lake","294","101","35","41","68","49","62","76","156","261","33"
"46081","South Dakota","Lawrence","859","189","97","135","246","192","152","307","400","760","99"
"46083","South Dakota","Lincoln","1,705","444","194","238","461","368","501","564","640","1,492","213"
"46085","South Dakota","Lyman","62","27",,,"16",,"10","18","34",,
"46087","South Dakota","McCook","131","42","16","12","38","23","31","45","55","121","10"
"46089","South Dakota","McPherson","46","15",,,,"12",,,"24",,
"46091","South Dakota","Marshall","62","15",,,"14","12",,,"38",,
"46093","South Dakota","Meade","1,695","315","208","236","544","392","480","656","559","1,446","249"
"46095","South Dakota","Mellette","21",,,,,,,,"10",,
"46097","South Dakota","Miner","55","18",,"11","14",,,,"39",,
"46099","South Dakota","Minnehaha","4,714","1,334","598","616","1,256","910","1,261","1,548","1,905","4,205","509"
"46101","South Dakota","Moody","129","31","17","19","34","28","36","41","52","114","15"
"46102","South Dakota","Oglala Lakota","159","39","14","16","60","30","35","75","49","130","29"
"46103","South Dakota","Pennington","5,242","1,128","694","801","1,522","1,097","1,336","1,978","1,928","4,543","699"
"46105","South Dakota","Perkins","70","24",,,"23",,"19","15","36",,
"46107","South Dakota","Potter","41","12","11",,,,,,"30",,
"46109","South Dakota","Roberts","197","56","26","30","46","39","34","60","103",,
"46111","South Dakota","Sanborn","64","22",,"12","12",,"10","16","38",,
"46115","South Dakota","Spink","99","26","16","10","28","19","16","30","53",,
"46117","South Dakota","Stanley","75","11","13","12","23","16",,,"49",,
"46119","South Dakota","Sully","21",,,,,,,,,,
"46121","South Dakota","Todd","71","17","14","11","16","13","11","25","35",,
"46123","South Dakota","Tripp","80","28","16",,"18",,"19","22","39",,
"46125","South Dakota","Turner","243","77","28","26","74","38","60","78","105","225","18"
"46127","South Dakota","Union","376","107","42","48","102","77","76","128","172","349","27"
"46129","South Dakota","Walworth","105","25","18","18","24","20","10","38","57","94","11"
"46135","South Dakota","Yankton","485","170","62","55","104","94","76","166","243","440","45"
"46137","South Dakota","Ziebach","12",,,,,,,,,,
"47001","Tennessee","Anderson","2,157","509","242","266","589","551","607","699","851","1,945","212"
"47003","Tennessee","Bedford","990","187","91","139","293","280","275","309","406","887","103"
"47005","Tennessee","Benton","490","76","55","62","154","143","80","181","229","439","51"
"47007","Tennessee","Bledsoe","325","67","29","46","87","96","65","108","152","298","27"
"47009","Tennessee","Blount","4,019","1,022","445","472","1,082","998","957","1,276","1,786","3,633","386"
"47011","Tennessee","Bradley","2,263","474","232","268","687","602","613","741","909","2,064","199"
"47013","Tennessee","Campbell","1,036","187","85","102","306","356","178","284","574","979","57"
"47015","Tennessee","Cannon","309","52","30","31","93","103","89","89","131","277","32"
"47017","Tennessee","Carroll","722","140","81","77","209","215","144","254","324","649","73"
"47019","Tennessee","Carter","1,930","372","208","271","586","493","363","585","982","1,745","185"
"47021","Tennessee","Cheatham","1,087","189","122","121","299","356","376","341","370","965","122"
"47023","Tennessee","Chester","369","62","44","49","117","97","106","120","143","334","35"
"47025","Tennessee","Claiborne","746","138","65","73","232","238","162","236","348","689","57"
"47027","Tennessee","Clay","194","42","16","20","56","60","38","76","80","178","16"
"47029","Tennessee","Cocke","1,050","212","95","136","303","304","183","317","550","950","100"
"47031","Tennessee","Coffee","1,559","283","142","169","468","497","408","563","588","1,384","175"
"47033","Tennessee","Crockett","260","55","22","21","81","81","57","71","132","238","22"
"47035","Tennessee","Cumberland","2,167","514","237","258","585","573","279","575","1,313","1,989","177"
"47037","Tennessee","Davidson","8,649","1,713","954","954","2,683","2,345","3,148","2,628","2,873","7,419","1,227"
"47039","Tennessee","Decatur","261","47","29","34","78","73","43","81","137","236","25"
"47041","Tennessee","DeKalb","394","72","35","46","129","112","106","127","161","358","36"
"47043","Tennessee","Dickson","1,419","288","108","158","437","428","434","458","527","1,279","140"
"47045","Tennessee","Dyer","666","156","78","72","192","168","158","181","327","611","55"
"47047","Tennessee","Fayette","1,131","224","117","128","340","322","214","428","489","994","137"
"47049","Tennessee","Fentress","603","135","58","76","167","167","125","170","308","543","60"
"47051","Tennessee","Franklin","1,249","226","122","163","378","360","276","443","530","1,125","123"
"47053","Tennessee","Gibson","1,081","253","107","124","321","276","256","332","493","985","96"
"47055","Tennessee","Giles","626","142","57","91","155","181","127","215","284","570","56"
"47057","Tennessee","Grainger","574","130","61","64","153","166","94","192","288","531","43"
"47059","Tennessee","Greene","2,162","538","261","251","592","520","416","624","1,122","1,986","175"
"47061","Tennessee","Grundy","318","63","40","25","101","89","66","101","151","290","28"
"47063","Tennessee","Hamblen","1,466","345","154","183","413","371","327","432","707","1,353","113"
"47065","Tennessee","Hamilton","7,033","1,365","745","866","2,176","1,881","1,855","2,340","2,838","6,311","722"
"47067","Tennessee","Hancock","189","44","21","13","46","65","27","79","83","168","21"
"47069","Tennessee","Hardeman","468","105","60","63","121","119","79","138","251","425","43"
"47071","Tennessee","Hardin","683","146","75","75","199","188","136","197","350","627","56"
"47073","Tennessee","Hawkins","1,883","423","189","198","579","494","328","619","936","1,748","135"
"47075","Tennessee","Haywood","350","94","28","41","82","105","49","124","177","310","40"
"47077","Tennessee","Henderson","540","123","49","55","172","141","118","168","254","495","45"
"47079","Tennessee","Henry","1,047","192","114","131","292","318","227","340","480","945","102"
"47081","Tennessee","Hickman","501","92","54","54","156","145","125","152","224","458","43"
"47083","Tennessee","Houston","334","53","24","30","117","110","93","116","125","292","42"
"47085","Tennessee","Humphreys","528","110","56","68","141","153","131","167","230","480","48"
"47087","Tennessee","Jackson","345","62","39","35","115","94","80","120","145","309","36"
"47089","Tennessee","Jefferson","1,684","378","176","194","473","463","393","491","800","1,543","141"
"47091","Tennessee","Johnson","577","107","57","86","181","146","72","184","321","538","39"
"47093","Tennessee","Knox","9,729","2,107","1,060","1,132","2,882","2,548","2,966","3,097","3,666","8,682","1,045"
"47095","Tennessee","Lake","82","23",,,"25","19","11","33","38",,
"47097","Tennessee","Lauderdale","379","80","45","54","102","98","78","106","195","346","33"
"47099","Tennessee","Lawrence","820","167","80","94","258","221","214","248","358","752","68"
"47101","Tennessee","Lewis","327","67","30","30","109","91","71","106","150","301","26"
"47103","Tennessee","Lincoln","900","153","89","81","293","284","215","331","354","795","105"
"47105","Tennessee","Loudon","1,689","475","206","203","415","390","279","510","900","1,532","157"
"47107","Tennessee","McMinn","1,584","367","185","178","430","424","323","521","740","1,453","131"
"47109","Tennessee","McNairy","612","147","62","75","179","149","105","186","321","565","47"
"47111","Tennessee","Macon","425","78","44","43","143","117","113","152","160","387","38"
"47113","Tennessee","Madison","2,123","495","239","232","609","548","429","674","1,020","1,857","265"
"47115","Tennessee","Marion","637","145","54","68","192","178","128","218","291","581","56"
"47117","Tennessee","Marshall","735","138","65","80","245","207","223","247","265","662","73"
"47119","Tennessee","Maury","2,037","429","221","199","657","531","645","585","807","1,840","196"
"47121","Tennessee","Meigs","409","90","40","45","117","117","95","134","180","384","25"
"47123","Tennessee","Monroe","1,324","300","144","142","404","334","271","389","664","1,204","120"
"47125","Tennessee","Montgomery","23,053","2,124","1,507","2,030","7,262","10,130","9,311","9,322","4,420","18,559","4,494"
"47127","Tennessee","Moore","192","29","20","15","64","64","49","69","74","180","12"
"47129","Tennessee","Morgan","627","146","71","82","157","171","136","206","285","577","50"
"47131","Tennessee","Obion","549","101","77","75","162","134","96","183","270","509","40"
"47133","Tennessee","Overton","547","92","56","65","175","159","122","167","258","507","40"
"47135","Tennessee","Perry","222","37","25","24","77","59","32","83","107","201","21"
"47137","Tennessee","Pickett","149","31","13","20","34","51","21","43","85",,
"47139","Tennessee","Polk","435","89","50","54","123","119","84","149","202","404","31"
"47141","Tennessee","Putnam","1,829","404","160","203","533","529","485","596","748","1,653","176"
"47143","Tennessee","Rhea","795","182","93","88","223","209","183","253","359","730","65"
"47145","Tennessee","Roane","1,851","438","194","218","529","472","439","615","797","1,684","167"
"47147","Tennessee","Robertson","1,785","300","173","198","578","536","583","617","585","1,595","190"
"47149","Tennessee","Rutherford","7,428","1,317","723","792","2,348","2,248","2,479","2,714","2,235","6,380","1,048"
"47151","Tennessee","Scott","529","115","63","45","168","138","102","164","263","492","37"
"47153","Tennessee","Sequatchie","436","66","33","41","157","139","95","140","201","412","24"
"47155","Tennessee","Sevier","2,633","617","294","319","727","676","538","729","1,366","2,443","189"
"47157","Tennessee","Shelby","15,521","3,222","1,647","1,730","4,565","4,357","3,214","6,026","6,281","13,148","2,373"
"47159","Tennessee","Smith","427","94","47","59","115","112","127","145","155","392","35"
"47161","Tennessee","Stewart","1,126","136","94","106","361","429","300","478","348","973","153"
"47163","Tennessee","Sullivan","4,616","1,003","511","550","1,368","1,184","998","1,499","2,119","4,254","362"
"47165","Tennessee","Sumner","4,300","817","464","506","1,294","1,219","1,385","1,463","1,452","3,827","473"
"47167","Tennessee","Tipton","2,311","434","210","291","650","726","489","1,012","810","1,961","349"
"47169","Tennessee","Trousdale","218","41","24","27","70","56","65","81","72","193","25"
"47171","Tennessee","Unicoi","649","161","76","70","190","152","113","173","363","604","45"
"47173","Tennessee","Union","491","101","47","57","133","153","102","161","228","449","42"
"47175","Tennessee","Van Buren","191","36","18","26","57","54","45","53","93","173","18"
"47177","Tennessee","Warren","814","150","65","92","249","258","198","251","365","745","69"
"47179","Tennessee","Washington","4,610","939","491","544","1,416","1,220","1,035","1,513","2,062","4,176","434"
"47181","Tennessee","Wayne","297","65","28","43","86","75","60","101","136","280","17"
"47183","Tennessee","Weakley","606","117","77","78","185","149","124","207","275","561","45"
"47185","Tennessee","White","695","128","69","73","199","226","189","216","290","628","67"
"47187","Tennessee","Williamson","3,109","659","371","366","883","830","868","1,171","1,070","2,802","305"
"47189","Tennessee","Wilson","3,624","717","328","385","1,130","1,064","1,107","1,215","1,302","3,222","402"
"48001","Texas","Anderson","1,199","217","138","126","373","345","305","344","550","1,088","111"
"48003","Texas","Andrews","155","23","18","26","53","35","78","42","35","140","15"
"48005","Texas","Angelina","1,974","363","208","231","670","502","551","610","813","1,759","215"
"48007","Texas","Aransas","992","211","97","94","283","307","173","352","467","890","102"
"48009","Texas","Archer","314","49","35","21","81","128","76","120","118","272","42"
"48011","Texas","Armstrong","57","10",,"12","22",,"13","21","23",,
"48013","Texas","Atascosa","1,733","278","151","183","521","600","458","620","655","1,495","238"
"48015","Texas","Austin","487","93","62","62","148","122","146","157","184","434","53"
"48017","Texas","Bailey","61","16",,,"17","13","14","22","25",,
"48019","Texas","Bandera","1,411","238","124","168","399","482","267","544","600","1,232","179"
"48021","Texas","Bastrop","2,556","464","248","295","784","765","812","828","916","2,186","369"
"48023","Texas","Baylor","67","15",,,"16","16","15","16","36",,
"48025","Texas","Bee","644","121","58","81","217","167","155","195","294","596","48"
"48027","Texas","Bell","39,929","3,466","2,611","3,424","12,216","18,212","14,270","17,085","8,573","30,829","9,099"
"48029","Texas","Bexar","95,255","12,377","7,672","8,978","28,075","38,153","30,180","37,519","27,556","76,906","18,341"
"48031","Texas","Blanco","409","82","40","41","123","123","82","142","185","352","57"
"48033","Texas","Borden",,,,,,,,,,,
"48035","Texas","Bosque","524","118","44","41","169","152","124","127","273","470","54"
"48037","Texas","Bowie","2,727","413","280","324","854","856","660","1,030","1,037","2,402","325"
"48039","Texas","Brazoria","9,156","1,422","809","949","2,780","3,196","3,298","3,300","2,558","7,729","1,426"
"48041","Texas","Brazos","3,706","616","365","430","1,183","1,112","1,509","1,106","1,091","3,250","455"
"48043","Texas","Brewster","238","49","24","31","78","56","69","76","93","214","24"
"48045","Texas","Briscoe","25",,,,,,,,"15",,
"48047","Texas","Brooks","128","32",,,"34","33","18","35","75",,
"48049","Texas","Brown","922","166","116","120","288","232","254","300","368","839","83"
"48051","Texas","Burleson","481","84","52","63","152","130","131","147","203","424","57"
"48053","Texas","Burnet","1,490","307","144","170","436","433","379","476","635","1,331","159"
"48055","Texas","Caldwell","979","175","93","106","318","287","277","295","407","874","105"
"48057","Texas","Calhoun","447","124","49","38","135","101","74","113","260","416","31"
"48059","Texas","Callahan","512","86","50","71","155","150","127","179","206","454","58"
"48061","Texas","Cameron","8,544","1,435","677","771","2,569","3,092","2,534","2,672","3,338","7,865","678"
"48063","Texas","Camp","300","51","32","29","96","92","81","104","115","271","29"
"48065","Texas","Carson","148","39","18","20","37","34","44","55","49","137","11"
"48067","Texas","Cass","983","145","83","135","332","288","214","353","416","887","96"
"48069","Texas","Castro","53",,,"12","14","13",,,"34",,
"48071","Texas","Chambers","1,108","184","86","125","354","359","477","402","229","973","135"
"48073","Texas","Cherokee","1,008","158","93","119","337","301","250","333","425","915","93"
"48075","Texas","Childress","102","28","11","10","30","23","22","36","44",,
"48077","Texas","Clay","386","65","35","46","117","123","89","137","160","351","35"
"48079","Texas","Cochran","22",,,,,,,"12",,,
"48081","Texas","Coke","77",,"12",,"29","18","13","26","38",,
"48083","Texas","Coleman","204","43","30","18","65","48","42","57","105","192","12"
"48085","Texas","Collin","16,767","2,644","1,646","1,928","4,855","5,694","6,811","6,008","3,948","14,350","2,416"
"48087","Texas","Collingsworth","37",,,,,"12",,,"20",,
"48089","Texas","Colorado","396","92","51","46","115","92","77","105","214","372","24"
"48091","Texas","Comal","11,781","1,497","846","1,045","3,116","5,277","2,905","5,219","3,657","9,759","2,022"
"48093","Texas","Comanche","306","54","32","43","97","80","84","83","139","284","22"
"48095","Texas","Concho","63","10",,,"18","22",,,"35",,
"48097","Texas","Cooke","823","184","96","95","235","213","243","204","376","758","65"
"48099","Texas","Coryell","7,398","764","585","687","2,407","2,955","2,614","2,972","1,812","5,870","1,528"
"48101","Texas","Cottle","25",,,,"10",,,,"11",,
"48103","Texas","Crane","35",,,,"11",,,,"14",,
"48105","Texas","Crockett","47",,,,"13","13",,,"23",,
"48107","Texas","Crosby","86","22",,,"22","20","20","30","36",,
"48109","Texas","Culberson","43",,,,"14","10","10","17","16",,
"48111","Texas","Dallam","53","12","11",,,"16","16","14","23",,
"48113","Texas","Dallas","27,991","4,689","2,929","3,260","8,759","8,354","10,361","8,916","8,714","23,448","4,540"
"48115","Texas","Dawson","83","16","11","11","22","23","26","26","31",,
"48117","Texas","Deaf Smith","116","26","24","13","26","27","32","35","49","106","10"
"48119","Texas","Delta","156","25","19","20","51","41","45","44","67","144","12"
"48121","Texas","Denton","17,525","2,815","1,794","2,007","5,308","5,601","6,935","6,382","4,208","15,079","2,444"
"48123","Texas","DeWitt","427","103","53","47","135","89","97","116","214","392","35"
"48125","Texas","Dickens","50",,,,"13","15","11","14","25",,
"48127","Texas","Dimmit","135","29","17","12","43","34","21","48","66",,
"48129","Texas","Donley","90","11",,,"41","24","17","24","49",,
"48131","Texas","Duval","216","59","25","22","58","52","36","55","125","206","10"
"48133","Texas","Eastland","427","96","40","51","127","113","101","121","205","390","37"
"48135","Texas","Ector","1,529","297","171","232","493","336","638","495","396","1,385","144"
"48137","Texas","Edwards","52","10",,,"20","12",,,"33",,
"48139","Texas","Ellis","6,506","808","514","677","1,900","2,607","2,392","2,614","1,500","5,339","1,166"
"48141","Texas","El Paso","30,865","3,391","2,122","2,728","9,931","12,693","12,210","10,753","7,902","26,574","4,290"
"48143","Texas","Erath","602","103","58","58","189","194","187","193","222","547","55"
"48145","Texas","Falls","495","90","51","61","164","129","105","158","232","429","66"
"48147","Texas","Fannin","1,195","200","126","124","387","358","300","353","542","1,063","132"
"48149","Texas","Fayette","492","96","64","57","142","133","113","117","262","437","55"
"48151","Texas","Fisher","64","13",,,"23","14","15","16","33",,
"48153","Texas","Floyd","87",,,"17","25","21","18","26","43",,
"48155","Texas","Foard","26",,,,,,,,,,
"48157","Texas","Fort Bend","12,986","1,916","1,028","1,306","3,855","4,881","4,701","4,865","3,420","10,845","2,141"
"48159","Texas","Franklin","226","34","28","32","71","61","56","71","99","205","21"
"48161","Texas","Freestone","491","94","58","56","154","129","110","136","245","433","57"
"48163","Texas","Frio","265","50","23","28","83","81","76","90","99","229","36"
"48165","Texas","Gaines","144","24","15","17","56","32","65","31","48","133","11"
"48167","Texas","Galveston","8,038","1,478","729","933","2,406","2,492","2,676","2,842","2,520","7,013","1,021"
"48169","Texas","Garza","56","20",,,"19",,"11","19","26",,
"48171","Texas","Gillespie","744","188","97","84","198","177","137","185","422","674","70"
"48173","Texas","Glasscock",,,,,,,,,,,
"48175","Texas","Goliad","208","47","27","22","56","56","39","63","106","185","23"
"48177","Texas","Gonzales","366","76","45","39","101","105","101","105","160","333","33"
"48179","Texas","Gray","295","65","31","29","90","80","80","86","128","271","24"
"48181","Texas","Grayson","3,763","726","362","448","1,154","1,073","1,116","1,148","1,499","3,397","366"
"48183","Texas","Gregg","2,285","457","228","278","692","630","682","704","899","2,015","270"
"48185","Texas","Grimes","704","159","57","87","212","189","196","199","309","610","94"
"48187","Texas","Guadalupe","14,384","1,422","956","1,236","3,921","6,849","3,948","6,744","3,692","11,379","3,005"
"48189","Texas","Hale","382","95","47","51","99","90","99","99","184","354","28"
"48191","Texas","Hall","43","11",,,"15",,,"20",,,
"48193","Texas","Hamilton","232","49","25","31","59","68","60","74","98","217","15"
"48195","Texas","Hansford","28",,,,,"11",,,"12",,
"48197","Texas","Hardeman","70","14",,,"27","16","18","21","31",,
"48199","Texas","Hardin","1,311","257","132","131","466","325","433","399","479","1,199","112"
"48201","Texas","Harris","61,160","10,271","5,544","6,399","19,597","19,349","25,215","19,993","15,952","51,138","10,017"
"48203","Texas","Harrison","1,602","259","163","198","511","471","416","554","632","1,425","175"
"48205","Texas","Hartley","49","15",,,,"13","10","19","20",,
"48207","Texas","Haskell","87","19",,,"26","23","24","28","35",,
"48209","Texas","Hays","6,519","979","587","715","1,993","2,245","2,624","2,049","1,846","5,633","885"
"48211","Texas","Hemphill","40",,,,"18","10","17","12","11",,
"48213","Texas","Henderson","1,941","340","193","249","607","552","514","567","860","1,736","205"
"48215","Texas","Hidalgo","12,178","2,191","984","1,127","3,671","4,205","3,713","3,783","4,682","11,236","941"
"48217","Texas","Hill","981","181","120","131","302","247","263","279","439","895","86"
"48219","Texas","Hockley","314","78","41","35","89","71","95","102","117","282","32"
"48221","Texas","Hood","2,048","396","217","240","601","594","568","617","863","1,845","203"
"48223","Texas","Hopkins","689","114","66","73","221","215","216","235","238","629","60"
"48225","Texas","Houston","470","74","51","67","148","130","126","121","223","429","41"
"48227","Texas","Howard","865","167","95","110","268","225","203","283","379","794","71"
"48229","Texas","Hudspeth","90",,,"12","40","19","18","33","39","77","13"
"48231","Texas","Hunt","3,033","478","312","346","913","984","1,193","946","894","2,654","379"
"48233","Texas","Hutchinson","398","77","51","45","130","95","126","113","159","365","33"
"48235","Texas","Irion","20",,,,,,,,"10",,
"48237","Texas","Jack","152","25","15","24","47","41","51","51","50","138","14"
"48239","Texas","Jackson","317","67","29","40","112","69","91","88","138","291","26"
"48241","Texas","Jasper","788","124","82","101","259","222","190","253","345","710","78"
"48243","Texas","Jeff Davis","47","12",,,"15",,,,"22",,
"48245","Texas","Jefferson","4,361","884","478","509","1,371","1,119","1,107","1,515","1,739","3,855","505"
"48247","Texas","Jim Hogg","85","15",,,"25","28","20","17","48",,
"48249","Texas","Jim Wells","882","137","74","91","278","302","193","289","400","811","71"
"48251","Texas","Johnson","5,089","730","488","585","1,463","1,823","1,969","1,754","1,366","4,363","726"
"48253","Texas","Jones","486","84","45","54","137","166","140","193","153","432","54"
"48255","Texas","Karnes","240","49","16","24","90","61","85","68","87","213","27"
"48257","Texas","Kaufman","4,681","544","359","473","1,464","1,841","2,115","1,620","946","3,810","870"
"48259","Texas","Kendall","2,042","281","187","188","545","841","496","808","738","1,740","302"
"48261","Texas","Kenedy",,,,,,,,,,,
"48263","Texas","Kent",,,,,,,,,,,
"48265","Texas","Kerr","2,033","419","228","220","581","585","342","555","1,136","1,826","207"
"48267","Texas","Kimble","79",,,"14","18","27","13","18","48",,
"48269","Texas","King",,,,,,,,,,,
"48271","Texas","Kinney","154","32","14","20","56","32","28","33","93","138","16"
"48273","Texas","Kleberg","1,030","158","105","113","330","324","308","358","364","944","86"
"48275","Texas","Knox","48",,,,"13","17",,,"22",,
"48277","Texas","Lamar","1,159","242","100","127","364","326","308","337","514","1,042","117"
"48279","Texas","Lamb","193","41","24","22","65","41","52","64","77","176","17"
"48281","Texas","Lampasas","2,276","254","149","200","739","934","511","992","773","1,878","398"
"48283","Texas","La Salle","54",,,"10","25",,"12","13","29",,
"48285","Texas","Lavaca","383","94","35","45","109","100","79","95","209","347","36"
"48287","Texas","Lee","339","64","41","45","97","92","95","91","153","314","25"
"48289","Texas","Leon","479","87","35","60","164","133","104","132","243","439","40"
"48291","Texas","Liberty","1,706","307","153","216","533","497","618","534","554","1,511","195"
"48293","Texas","Limestone","481","94","55","60","142","130","103","144","234","443","38"
"48295","Texas","Lipscomb","40","10",,,,,,,"23",,
"48297","Texas","Live Oak","295","51","32","31","105","76","60","90","145","272","23"
"48299","Texas","Llano","569","127","58","76","167","141","96","174","299","510","59"
"48301","Texas","Loving",,,,,,,,,,,
"48303","Texas","Lubbock","5,790","1,132","617","747","1,799","1,495","1,982","1,812","1,996","5,176","614"
"48305","Texas","Lynn","93","20",,,"26","29","33","34","26","82","11"
"48307","Texas","McCulloch","178","25","23","26","62","42","36","60","82","158","20"
"48309","Texas","McLennan","7,144","1,134","695","816","2,247","2,252","2,152","2,299","2,693","6,290","854"
"48311","Texas","McMullen","13",,,,,,,,,,
"48313","Texas","Madison","254","56","26","20","75","77","69","79","106","234","20"
"48315","Texas","Marion","346","49","29","52","119","97","58","118","170","303","43"
"48317","Texas","Martin","52",,,,"18","11","17","19","16",,
"48319","Texas","Mason","79","18","10","10","25","16","12","21","46",,
"48321","Texas","Matagorda","741","205","86","85","205","160","164","201","376","682","59"
"48323","Texas","Maverick","617","96","60","68","207","186","243","208","166","581","36"
"48325","Texas","Medina","3,297","395","226","279","901","1,496","852","1,451","994","2,742","554"
"48327","Texas","Menard","48",,,,"15","18",,,"29",,
"48329","Texas","Midland","2,226","419","236","325","740","506","947","734","545","2,009","217"
"48331","Texas","Milam","598","121","68","60","208","141","145","183","270","548","50"
"48333","Texas","Mills","138","20","13","14","45","46","32","45","61",,
"48335","Texas","Mitchell","131","19","11","30","47","24","30","51","50",,
"48337","Texas","Montague","525","96","62","59","158","150","103","153","269","482","43"
"48339","Texas","Montgomery","16,882","2,549","1,410","1,822","5,253","5,848","6,928","5,758","4,196","14,577","2,303"
"48341","Texas","Moore","142","36","14","18","38","36","40","37","65","129","13"
"48343","Texas","Morris","302","52","29","33","95","93","68","99","135","277","25"
"48345","Texas","Motley","20",,,,,,,,,,
"48347","Texas","Nacogdoches","1,143","207","114","127","368","327","327","335","481","1,019","124"
"48349","Texas","Navarro","1,138","200","128","137","364","309","295","326","517","1,049","89"
"48351","Texas","Newton","314","66","29","32","89","98","66","105","143","293","21"
"48353","Texas","Nolan","270","59","34","29","86","62","67","89","114","240","30"
"48355","Texas","Nueces","11,556","1,937","1,031","1,204","3,467","3,917","3,028","4,278","4,250","10,355","1,201"
"48357","Texas","Ochiltree","70","16",,,"18","21","21","16","33",,
"48359","Texas","Oldham","49","15",,,,"17","13","13","23",,
"48361","Texas","Orange","1,915","400","184","253","614","464","557","588","770","1,747","168"
"48363","Texas","Palo Pinto","656","124","88","68","198","178","184","181","291","599","57"
"48365","Texas","Panola","499","69","49","59","156","166","124","161","214","443","56"
"48367","Texas","Parker","6,174","967","539","642","1,816","2,210","2,189","2,384","1,601","5,426","748"
"48369","Texas","Parmer","56","14",,,"19","11","18","19","19",,
"48371","Texas","Pecos","163","28","17","26","57","35","49","63","51","149","14"
"48373","Texas","Polk","1,768","385","192","224","498","469","335","589","844","1,575","193"
"48375","Texas","Potter","1,972","422","199","248","556","547","522","627","823","1,804","168"
"48377","Texas","Presidio","52","13",,,"19",,"14","19","19",,
"48379","Texas","Rains","403","56","39","49","132","127","93","126","184","365","38"
"48381","Texas","Randall","3,603","631","348","422","1,058","1,144","1,325","1,166","1,112","3,238","365"
"48383","Texas","Reagan","26",,,,,,"11",,,,
"48385","Texas","Real","104","28",,,"25","31","21","28","55","92","12"
"48387","Texas","Red River","331","61","32","32","95","111","68","107","156","293","38"
"48389","Texas","Reeves","114","23","20","19","32","20","30","45","39","104","10"
"48391","Texas","Refugio","219","59","15","20","60","65","38","68","113","205","14"
"48393","Texas","Roberts","11",,,,,,,,,,
"48395","Texas","Robertson","366","59","32","45","114","116","83","99","184","334","32"
"48397","Texas","Rockwall","3,259","409","271","319","921","1,339","1,241","1,313","705","2,814","444"
"48399","Texas","Runnels","218","41","15","33","64","65","48","70","100","198","20"
"48401","Texas","Rusk","974","166","112","120","296","280","275","321","378","856","118"
"48403","Texas","Sabine","353","72","37","43","119","82","61","89","203","331","22"
"48405","Texas","San Augustine","203","36","24","22","70","51","41","56","106","182","21"
"48407","Texas","San Jacinto","769","152","75","76","240","226","187","244","338","694","75"
"48409","Texas","San Patricio","2,360","378","225","267","726","764","608","913","839","2,140","220"
"48411","Texas","San Saba","103","20","16","15","24","28","18","39","46",,
"48413","Texas","Schleicher","35",,,,,"15",,,"17",,
"48415","Texas","Scurry","182","36","20","31","53","42","52","66","64","162","20"
"48417","Texas","Shackelford","50",,,,"16","10","12","22","16",,
"48419","Texas","Shelby","364","63","41","41","110","109","93","110","161","333","31"
"48421","Texas","Sherman","17",,,,,,,,,,
"48423","Texas","Smith","4,922","820","538","635","1,491","1,438","1,447","1,497","1,978","4,367","555"
"48425","Texas","Somervell","201","37","21","28","62","53","72","73","56","178","23"
"48427","Texas","Starr","382","67","35","32","131","117","113","108","161","362","20"
"48429","Texas","Stephens","165","26","20","19","64","36","36","41","88","155","10"
"48431","Texas","Sterling","14",,,,,,,,,,
"48433","Texas","Stonewall","15",,,,,,,,,,
"48435","Texas","Sutton","43",,,,"13",,"12","14","17",,
"48437","Texas","Swisher","109","20","13","17","28","31","23","37","49",,
"48439","Texas","Tarrant","42,439","7,085","4,212","4,966","12,915","13,261","16,178","15,250","11,011","35,758","6,679"
"48441","Texas","Taylor","5,656","865","530","699","1,778","1,784","1,795","2,061","1,800","4,860","795"
"48443","Texas","Terrell","23",,,,,,,,"12",,
"48445","Texas","Terry","88","14","12","13","31","18","23","29","36",,
"48447","Texas","Throckmorton","25",,,,,,,,"11",,
"48449","Texas","Titus","461","87","41","60","128","145","130","157","174","420","41"
"48451","Texas","Tom Green","3,956","592","375","467","1,246","1,276","1,256","1,402","1,298","3,409","546"
"48453","Texas","Travis","17,427","3,157","1,788","1,987","5,402","5,093","7,473","5,325","4,629","14,865","2,561"
"48455","Texas","Trinity","432","79","39","54","149","111","88","128","216","385","47"
"48457","Texas","Tyler","572","112","57","68","169","166","115","186","271","520","52"
"48459","Texas","Upshur","1,071","194","114","119","353","291","281","403","387","974","97"
"48461","Texas","Upton","40",,,,"11",,"16","11","13",,
"48463","Texas","Uvalde","574","128","54","59","167","166","139","173","262","532","42"
"48465","Texas","Val Verde","1,518","286","162","173","464","433","494","540","484","1,371","147"
"48467","Texas","Van Zandt","1,451","231","163","185","437","435","457","422","572","1,319","132"
"48469","Texas","Victoria","2,120","460","227","228","643","562","562","608","950","1,936","184"
"48471","Texas","Walker","1,280","264","134","147","395","340","391","436","453","1,142","138"
"48473","Texas","Waller","1,338","162","104","132","404","536","610","424","304","1,105","233"
"48475","Texas","Ward","146","39","16","22","38","31","38","44","64","135","11"
"48477","Texas","Washington","642","127","67","74","193","181","162","167","313","586","56"
"48479","Texas","Webb","3,242","589","329","378","1,011","935","1,151","968","1,123","3,042","200"
"48481","Texas","Wharton","602","128","71","83","184","136","160","162","280","549","53"
"48483","Texas","Wheeler","81","21",,,"19","25","17","25","39",,
"48485","Texas","Wichita","5,379","867","536","621","1,582","1,773","1,584","1,972","1,823","4,618","761"
"48487","Texas","Wilbarger","249","55","22","21","80","71","46","81","122","224","25"
"48489","Texas","Willacy","325","57","23","38","104","103","76","94","155","302","23"
"48491","Texas","Williamson","17,801","2,561","1,655","1,857","5,513","6,215","7,255","6,178","4,368","15,003","2,795"
"48493","Texas","Wilson","3,524","427","248","281","960","1,608","800","1,637","1,087","2,931","593"
"48495","Texas","Winkler","62",,"13","16","15",,"13","29","20","50","12"
"48497","Texas","Wise","2,214","384","267","275","649","639","782","751","681","1,958","256"
"48499","Texas","Wood","1,413","252","129","157","479","396","324","398","691","1,272","141"
"48501","Texas","Yoakum","55","14",,,"15","11","21","13","21",,
"48503","Texas","Young","340","75","35","32","110","88","96","86","158","310","30"
"48505","Texas","Zapata","145","27","18","19","46","35","23","37","85",,
"48507","Texas","Zavala","116","28","10","12","37","29","22","40","54",,
"49001","Utah","Beaver","101","30",,,"26","27","20","21","60",,
"49003","Utah","Box Elder","941","161","100","122","311","247","313","321","307","856","84"
"49005","Utah","Cache","1,357","265","154","172","411","355","466","406","485","1,251","105"
"49007","Utah","Carbon","328","68","44","41","95","80","75","87","166","303","25"
"49009","Utah","Daggett","22",,,,,,,,,,
"49011","Utah","Davis","7,903","1,349","902","1,029","2,523","2,100","2,694","3,167","2,042","6,985","918"
"49013","Utah","Duchesne","233","46","23","27","79","58","58","77","98","212","21"
"49015","Utah","Emery","129","34","17","16","32","30","27","35","67",,
"49017","Utah","Garfield","82","21","14","11","18","18",,,"54",,
"49019","Utah","Grand","145","35","19","18","44","29","32","39","74","133","12"
"49021","Utah","Iron","1,393","258","161","157","435","382","562","311","520","1,287","106"
"49023","Utah","Juab","168","39","21","17","44","47","41","48","79","157","11"
"49025","Utah","Kane","173","37","19","19","45","53","26","56","91","158","15"
"49027","Utah","Millard","156","36","21","24","41","34","47","38","71","142","14"
"49029","Utah","Morgan","264","45","33","39","75","72","55","129","80","239","25"
"49031","Utah","Piute","37",,,,"12",,,,,,
"49033","Utah","Rich","24",,,,,,,,"10",,
"49035","Utah","Salt Lake","11,692","2,422","1,388","1,497","3,554","2,831","4,240","3,510","3,942","10,446","1,246"
"49037","Utah","San Juan","173","41","19","30","42","41","42","48","83","161","12"
"49039","Utah","Sanpete","367","76","39","52","107","93","79","104","184","350","17"
"49041","Utah","Sevier","365","93","48","51","102","71","73","104","188","345","20"
"49043","Utah","Summit","457","90","81","72","109","105","129","182","146","403","53"
"49045","Utah","Tooele","1,623","268","184","194","536","441","588","565","470","1,462","161"
"49047","Utah","Uintah","455","94","50","66","138","107","134","140","181","414","41"
"49049","Utah","Utah","5,341","908","584","667","1,761","1,421","2,145","1,645","1,550","4,924","417"
"49051","Utah","Wasatch","347","71","40","44","101","91","102","119","126","327","20"
"49053","Utah","Washington","3,843","1,009","407","435","1,033","959","733","892","2,218","3,578","263"
"49055","Utah","Wayne","36",,,,"10",,,,"21",,
"49057","Utah","Weber","6,318","1,040","640","842","2,083","1,713","2,129","2,400","1,789","5,552","765"
"50001","Vermont","Addison","423","110","53","50","118","92","102","123","198","384","39"
"50003","Vermont","Bennington","518","113","53","70","160","122","100","128","290","469","48"
"50005","Vermont","Caledonia","531","108","60","78","148","137","115","170","246","469","61"
"50007","Vermont","Chittenden","1,671","366","222","219","501","363","468","541","662","1,460","211"
"50009","Vermont","Essex","144","30","25","17","42","30","24","45","75",,
"50011","Vermont","Franklin","959","190","106","122","322","219","267","353","339","874","85"
"50013","Vermont","Grand Isle","137","25","24","15","40","33","33","42","62","120","17"
"50015","Vermont","Lamoille","338","90","42","51","94","61","76","110","152","308","30"
"50017","Vermont","Orange","599","149","55","83","161","151","130","194","275","549","50"
"50019","Vermont","Orleans","534","85","60","71","190","128","116","181","237","472","62"
"50021","Vermont","Rutland","1,011","212","125","126","319","229","206","296","509","915","96"
"50023","Vermont","Washington","839","176","97","119","257","190","221","292","326","750","89"
"50025","Vermont","Windham","539","123","70","68","164","114","118","154","267","490","49"
"50027","Vermont","Windsor","1,052","255","127","135","312","223","198","322","532","947","105"
"51001","Virginia","Accomack","715","133","77","101","218","186","153","250","312","626","89"
"51003","Virginia","Albemarle","1,823","325","225","230","564","479","629","630","564","1,561","262"
"51005","Virginia","Alleghany","364","82","39","44","116","83","60","110","194","340","24"
"51007","Virginia","Amelia","346","60","44","44","113","85","94","109","143","305","41"
"51009","Virginia","Amherst","598","118","79","68","193","140","154","187","257","538","60"
"51011","Virginia","Appomattox","373","78","56","42","102","95","91","128","154","333","40"
"51013","Virginia","Arlington","4,858","751","576","612","1,437","1,482","1,929","2,107","822","3,869","989"
"51015","Virginia","Augusta","1,386","288","194","174","388","342","360","385","641","1,260","126"
"51017","Virginia","Bath","81",,,"14","20","25","12","21","48",,
"51019","Virginia","Bedford","1,896","409","233","248","543","463","425","637","834","1,716","179"
"51021","Virginia","Bland","161","24","17","18","58","44","30","49","82","150","11"
"51023","Virginia","Botetourt","925","204","95","116","260","250","207","330","388","829","94"
"51025","Virginia","Brunswick","318","55","41","40","92","90","48","101","169","280","38"
"51027","Virginia","Buchanan","232","34","18","31","94","55","34","57","141",,
"51029","Virginia","Buckingham","322","63","33","44","97","85","80","104","138","293","29"
"51031","Virginia","Campbell","1,054","204","138","124","332","256","305","302","447","953","101"
"51033","Virginia","Caroline","1,159","145","118","132","386","378","350","443","366","982","177"
"51035","Virginia","Carroll","590","117","73","59","184","157","116","177","297","544","46"
"51036","Virginia","Charles City","168","30","18","20","58","42","24","52","92","153","15"
"51037","Virginia","Charlotte","267","54","20","26","95","72","43","97","127","239","28"
"51041","Virginia","Chesterfield","10,811","1,480","1,063","1,138","3,129","4,001","2,778","4,842","3,191","8,678","2,132"
"51043","Virginia","Clarke","352","64","43","45","100","100","101","131","120","319","33"
"51045","Virginia","Craig","139","26","16","18","45","34","29","43","67","126","13"
"51047","Virginia","Culpeper","1,256","216","135","155","363","387","366","523","367","1,098","158"
"51049","Virginia","Cumberland","249","47","31","29","71","71","63","81","105","217","32"
"51051","Virginia","Dickenson","292","61","39","29","97","66","46","87","159","280","12"
"51053","Virginia","Dinwiddie","989","143","93","95","314","344","217","430","342","818","171"
"51057","Virginia","Essex","256","55","21","27","78","75","43","96","117","220","36"
"51059","Virginia","Fairfax","28,220","4,622","3,408","3,547","7,627","9,016","8,203","12,792","7,225","22,928","5,290"
"51061","Virginia","Fauquier","1,989","321","239","266","549","614","616","849","524","1,733","255"
"51063","Virginia","Floyd","291","65","50","35","76","65","70","98","123","261","30"
"51065","Virginia","Fluvanna","690","149","87","90","190","174","166","246","278","598","92"
"51067","Virginia","Franklin","1,271","245","132","161","396","337","244","409","618","1,150","121"
"51069","Virginia","Frederick","2,136","425","253","260","584","614","633","750","753","1,893","243"
"51071","Virginia","Giles","301","55","39","29","105","73","69","98","134","275","26"
"51073","Virginia","Gloucester","1,949","319","236","249","556","589","475","863","611","1,684","265"
"51075","Virginia","Goochland","429","85","56","51","129","108","94","140","195","385","44"
"51077","Virginia","Grayson","308","62","39","31","101","75","53","93","162","279","29"
"51079","Virginia","Greene","638","101","72","78","189","198","219","248","171","551","87"
"51081","Virginia","Greensville","212","46","18","21","69","58","34","69","109","182","30"
"51083","Virginia","Halifax","823","139","60","93","303","228","148","236","439","734","89"
"51085","Virginia","Hanover","1,980","355","239","278","561","547","566","741","673","1,732","248"
"51087","Virginia","Henrico","5,057","871","575","647","1,541","1,423","1,314","1,762","1,981","4,218","839"
"51089","Virginia","Henry","974","183","101","123","299","268","209","293","472","897","77"
"51091","Virginia","Highland","43","11",,,,"11",,,"24",,
"51093","Virginia","Isle Of Wight","2,412","337","231","264","696","884","572","1,201","639","1,916","496"
"51095","Virginia","James City","3,998","613","441","473","1,043","1,428","805","1,735","1,458","3,396","602"
"51097","Virginia","King And Queen","175","28","19","18","53","57","30","76","69","155","20"
"51099","Virginia","King George","1,658","196","183","218","511","550","520","822","316","1,412","246"
"51101","Virginia","King William","374","61","47","53","105","108","141","114","119","315","59"
"51103","Virginia","Lancaster","232","59","27","24","65","57","27","63","142","212","20"
"51105","Virginia","Lee","493","84","44","61","163","141","86","170","237","456","37"
"51107","Virginia","Loudoun","8,346","1,454","990","975","2,227","2,700","2,759","3,991","1,596","7,111","1,233"
"51109","Virginia","Louisa","1,071","210","121","129","311","300","304","345","422","918","153"
"51111","Virginia","Lunenburg","283","42","30","39","87","85","63","97","123","250","33"
"51113","Virginia","Madison","262","53","29","31","74","75","69","76","117","241","21"
"51115","Virginia","Mathews","257","58","29","37","64","69","48","96","113","222","35"
"51117","Virginia","Mecklenburg","761","156","78","76","235","216","123","235","403","682","79"
"51119","Virginia","Middlesex","317","57","36","35","94","95","46","98","173","282","35"
"51121","Virginia","Montgomery","1,110","226","152","149","318","265","350","362","398","992","117"
"51125","Virginia","Nelson","319","72","52","36","78","81","57","95","167","289","30"
"51127","Virginia","New Kent","1,139","150","104","133","342","410","309","472","358","960","179"
"51131","Virginia","Northampton","272","61","28","40","69","74","49","86","137","239","32"
"51133","Virginia","Northumberland","334","80","44","43","95","72","41","88","205","308","26"
"51135","Virginia","Nottoway","409","85","37","53","139","95","82","160","167","370","39"
"51137","Virginia","Orange","1,201","175","134","148","358","386","382","422","397","1,033","167"
"51139","Virginia","Page","379","71","47","39","98","124","98","110","171","346","33"
"51141","Virginia","Patrick","393","64","33","42","140","114","80","105","208","361","32"
"51143","Virginia","Pittsylvania","1,322","227","147","154","446","348","284","410","628","1,195","127"
"51145","Virginia","Powhatan","708","111","77","76","218","226","192","268","248","638","70"
"51147","Virginia","Prince Edward","521","111","69","54","150","137","112","158","251","468","53"
"51149","Virginia","Prince George","2,108","265","168","224","602","849","533","879","696","1,637","471"
"51153","Virginia","Prince William","19,016","2,536","1,911","1,994","5,088","7,487","5,162","9,600","4,254","14,959","4,056"
"51155","Virginia","Pulaski","667","133","87","97","202","148","138","202","327","613","54"
"51157","Virginia","Rappahannock","136","31","16","17","39","33","39","46","51","122","14"
"51159","Virginia","Richmond","148","18","12","20","53","45","30","51","67","132","16"
"51161","Virginia","Roanoke","2,210","402","271","294","661","582","542","781","887","1,966","244"
"51163","Virginia","Rockbridge","489","98","52","60","154","125","83","168","238","444","45"
"51165","Virginia","Rockingham","1,059","212","118","150","295","284","303","297","459","959","100"
"51167","Virginia","Russell","413","76","40","48","142","107","64","134","215","385","28"
"51169","Virginia","Scott","436","86","63","46","127","114","78","132","226","408","28"
"51171","Virginia","Shenandoah","809","151","101","97","238","222","207","270","332","728","81"
"51173","Virginia","Smyth","526","101","71","73","154","127","104","154","268","493","33"
"51175","Virginia","Southampton","501","89","52","62","162","136","129","191","181","430","71"
"51177","Virginia","Spotsylvania","7,521","894","690","812","2,159","2,966","2,225","3,510","1,786","6,236","1,285"
"51179","Virginia","Stafford","12,753","1,347","1,046","1,266","3,408","5,686","3,674","6,790","2,289","10,245","2,508"
"51181","Virginia","Surry","258","33","38","31","83","73","73","98","87","209","49"
"51183","Virginia","Sussex","250","41","23","36","82","68","54","86","110","205","45"
"51185","Virginia","Tazewell","879","165","76","79","336","223","122","275","482","828","51"
"51187","Virginia","Warren","1,063","206","134","148","316","259","320","393","350","933","130"
"51191","Virginia","Washington","1,102","223","131","145","322","281","204","358","540","1,015","87"
"51193","Virginia","Westmoreland","592","97","60","68","185","182","166","222","204","518","74"
"51195","Virginia","Wise","744","145","83","85","233","198","153","244","347","691","53"
"51197","Virginia","Wythe","540","92","70","69","155","154","109","158","273","487","53"
"51199","Virginia","York","5,227","733","551","644","1,477","1,822","1,281","2,435","1,511","4,180","1,047"
"51510","Virginia","Alexandria City","4,621","616","570","618","1,370","1,447","1,945","1,891","785","3,468","1,153"
"51520","Virginia","Bristol City","334","70","33","44","109","78","77","93","164","309","25"
"51530","Virginia","Buena Vista City","86","21","18","10","18","19","13","16","57",,
"51540","Virginia","Charlottesville City","328","75","42","57","82","72","145","79","104","283","45"
"51550","Virginia","Chesapeake City","17,037","1,816","1,482","1,901","4,912","6,926","5,273","7,965","3,799","13,219","3,815"
"51570","Virginia","Colonial Heights City","634","92","76","72","191","203","159","243","232","517","117"
"51580","Virginia","Covington City","139","36",,,"45","28","23","42","74","129","10"
"51590","Virginia","Danville City","808","134","66","95","297","216","170","231","407","713","95"
"51595","Virginia","Emporia City","115","13","16","11","37","38","28","32","55","100","15"
"51600","Virginia","Fairfax City","508","103","62","64","137","142","177","190","141","425","83"
"51610","Virginia","Falls Church City","258","46","32","30","79","71","99","109","50","210","48"
"51620","Virginia","Franklin City","239","39","25","20","83","72","79","87","73","186","53"
"51630","Virginia","Fredericksburg City","1,053","136","123","121","309","364","364","492","197","855","198"
"51640","Virginia","Galax City","104","18","14","15","26","31","24","31","49",,
"51650","Virginia","Hampton City","9,344","1,280","919","1,116","2,810","3,219","3,000","3,504","2,840","6,900","2,444"
"51660","Virginia","Harrisonburg City","279","59","42","38","95","45","108","73","98","238","41"
"51670","Virginia","Hopewell City","808","101","82","88","249","288","179","340","289","610","198"
"51678","Virginia","Lexington City","100","28","11","11","21","29","18","32","50",,
"51680","Virginia","Lynchburg City","1,181","235","137","169","359","281","408","334","439","1,012","169"
"51683","Virginia","Manassas City","725","115","95","104","198","213","271","275","179","607","118"
"51685","Virginia","Manassas Park City","276","37","33","31","79","96","129","90","57","216","60"
"51690","Virginia","Martinsville City","219","42","21","27","66","63","45","67","107","192","27"
"51700","Virginia","Newport News City","9,151","1,251","912","1,121","2,773","3,094","2,910","3,667","2,574","6,958","2,193"
"51710","Virginia","Norfolk City","10,708","1,442","1,155","1,413","3,477","3,221","4,440","3,881","2,387","8,022","2,684"
"51720","Virginia","Norton City","62","12",,,"20","16","21","18","23",,
"51730","Virginia","Petersburg City","1,114","185","103","130","349","347","241","374","499","889","225"
"51735","Virginia","Poquoson City","802","122","89","100","211","280","233","338","231","638","164"
"51740","Virginia","Portsmouth City","4,704","581","444","601","1,576","1,502","1,738","1,755","1,211","3,562","1,141"
"51750","Virginia","Radford City","176","44","21","23","60","28","70","60","46","150","26"
"51760","Virginia","Richmond City","2,751","540","340","356","840","675","899","804","1,048","2,253","498"
"51770","Virginia","Roanoke City","1,799","385","215","219","517","463","430","519","849","1,561","238"
"51775","Virginia","Salem City","535","108","66","72","147","142","136","171","228","462","73"
"51790","Virginia","Staunton City","421","98","59","46","132","86","117","136","168","358","63"
"51800","Virginia","Suffolk City","7,343","694","561","728","2,111","3,249","2,325","3,591","1,427","5,446","1,896"
"51810","Virginia","Virginia Beach City","27,752","3,742","2,865","3,327","8,087","9,731","8,213","12,189","7,350","22,410","5,341"
"51820","Virginia","Waynesboro City","362","82","47","39","103","91","103","113","146","331","31"
"51830","Virginia","Williamsburg City","375","51","37","50","117","120","108","134","133","308","67"
"51840","Virginia","Winchester City","328","75","38","42","108","65","86","105","137","294","34"
"53001","Washington","Adams","140","32","15","18","36","39","45","33","62","125","15"
"53003","Washington","Asotin","610","150","68","87","163","142","130","189","291","559","51"
"53005","Washington","Benton","4,160","1,063","526","540","1,156","875","1,334","1,257","1,569","3,783","375"
"53007","Washington","Chelan","1,264","324","174","132","337","297","295","298","671","1,171","93"
"53009","Washington","Clallam","2,332","611","296","295","615","515","368","629","1,335","2,079","253"
"53011","Washington","Clark","10,476","2,377","1,416","1,441","3,085","2,157","3,212","3,439","3,825","9,183","1,293"
"53013","Washington","Columbia","130","22","17","24","38","29","17","47","66","118","12"
"53015","Washington","Cowlitz","2,681","550","358","423","810","540","728","768","1,185","2,426","254"
"53017","Washington","Douglas","685","174","92","76","193","150","155","175","355","633","51"
"53019","Washington","Ferry","278","60","33","25","76","84","42","84","152","255","23"
"53021","Washington","Franklin","1,243","301","139","145","366","292","464","349","430","1,127","116"
"53023","Washington","Garfield","76","22",,,"20","18","11","20","45",,
"53025","Washington","Grant","1,449","394","184","187","404","280","362","428","659","1,327","122"
"53027","Washington","Grays Harbor","1,896","402","197","240","592","465","393","572","931","1,691","204"
"53029","Washington","Island","5,387","914","685","726","1,647","1,415","1,512","2,110","1,765","4,486","899"
"53031","Washington","Jefferson","933","221","124","135","258","195","134","225","574","825","107"
"53033","Washington","King","21,599","4,999","2,993","2,855","6,267","4,485","8,239","6,457","6,903","18,856","2,738"
"53035","Washington","Kitsap","15,341","3,106","2,092","2,267","4,607","3,269","4,550","6,160","4,631","13,334","2,004"
"53037","Washington","Kittitas","798","176","95","107","247","173","240","216","342","735","63"
"53039","Washington","Klickitat","757","257","108","89","174","129","113","222","422","688","69"
"53041","Washington","Lewis","2,347","435","242","283","789","598","633","707","1,007","2,109","238"
"53043","Washington","Lincoln","414","113","51","46","121","83","73","138","203","374","40"
"53045","Washington","Mason","2,654","592","325","348","804","585","615","908","1,131","2,352","302"
"53047","Washington","Okanogan","1,001","237","115","111","296","242","172","287","542","927","74"
"53049","Washington","Pacific","590","136","67","73","177","137","100","166","324","532","58"
"53051","Washington","Pend Oreille","512","117","61","59","150","125","89","164","259","451","61"
"53053","Washington","Pierce","35,747","6,227","4,213","4,262","10,841","10,204","11,920","12,693","11,134","30,338","5,406"
"53055","Washington","San Juan","212","61","40","23","49","39","28","53","131","196","16"
"53057","Washington","Skagit","3,044","657","448","404","905","630","811","1,000","1,233","2,696","348"
"53059","Washington","Skamania","314","68","48","41","77","80","80","91","143","273","41"
"53061","Washington","Snohomish","12,801","2,906","1,708","1,769","3,835","2,583","4,493","4,338","3,970","11,281","1,516"
"53063","Washington","Spokane","15,426","3,403","1,894","2,054","4,318","3,757","4,112","5,291","6,023","13,509","1,916"
"53065","Washington","Stevens","1,934","393","180","226","576","559","359","598","977","1,737","196"
"53067","Washington","Thurston","15,129","2,256","1,542","1,715","4,651","4,965","5,094","5,645","4,390","12,713","2,414"
"53069","Washington","Wahkiakum","147","37","24","19","40","27","32","40","75","128","19"
"53071","Washington","Walla Walla","1,344","332","143","163","389","317","302","426","616","1,195","148"
"53073","Washington","Whatcom","3,646","876","464","485","1,036","785","1,062","1,030","1,554","3,259","386"
"53075","Washington","Whitman","669","163","74","78","204","150","242","194","233","586","82"
"53077","Washington","Yakima","3,076","688","310","413","917","748","797","837","1,442","2,818","258"
"54001","West Virginia","Barbour","380","80","41","45","121","93","62","142","176","350","30"
"54003","West Virginia","Berkeley","4,350","749","446","509","1,413","1,233","1,304","1,642","1,404","3,777","572"
"54005","West Virginia","Boone","406","66","46","48","134","112","60","118","228","395","11"
"54007","West Virginia","Braxton","414","94","35","47","108","130","62","140","212","383","31"
"54009","West Virginia","Brooke","385","90","49","48","101","97","63","128","194","355","30"
"54011","West Virginia","Cabell","1,875","380","187","233","585","490","427","661","787","1,723","151"
"54013","West Virginia","Calhoun","155","20","11","20","57","47","23","55","77","139","16"
"54015","West Virginia","Clay","208","42","18","21","66","61","36","76","96","198","10"
"54017","West Virginia","Doddridge","206","35","22","25","58","66","33","76","97","190","16"
"54019","West Virginia","Fayette","1,232","284","112","118","405","313","165","381","686","1,154","78"
"54021","West Virginia","Gilmer","162","29","16","15","53","49","28","57","77",,
"54023","West Virginia","Grant","212","34","24","33","57","64","40","71","101","197","15"
"54025","West Virginia","Greenbrier","1,057","258","113","156","277","253","152","327","578","976","81"
"54027","West Virginia","Hampshire","568","90","59","71","190","158","139","183","246","516","52"
"54029","West Virginia","Hancock","509","140","67","69","134","99","103","175","231","473","36"
"54031","West Virginia","Hardy","294","46","36","33","90","89","53","95","146","267","27"
"54033","West Virginia","Harrison","1,835","379","176","213","589","478","400","661","774","1,683","152"
"54035","West Virginia","Jackson","657","120","56","75","227","179","125","224","308","609","48"
"54037","West Virginia","Jefferson","1,959","311","228","250","587","583","650","795","514","1,691","268"
"54039","West Virginia","Kanawha","3,478","755","373","405","1,019","926","708","1,150","1,620","3,231","246"
"54041","West Virginia","Lewis","396","85","39","43","130","99","70","133","193","372","24"
"54043","West Virginia","Lincoln","370","73","35","43","127","92","70","115","185","348","22"
"54045","West Virginia","Logan","545","103","36","63","185","158","70","159","316","525","20"
"54047","West Virginia","McDowell","285","52","22","26","106","79","21","83","181",,
"54049","West Virginia","Marion","1,290","230","166","161","381","352","258","451","581","1,184","106"
"54051","West Virginia","Marshall","543","161","71","68","149","94","97","175","271","518","25"
"54053","West Virginia","Mason","545","96","77","62","182","128","112","182","251","506","39"
"54055","West Virginia","Mercer","1,734","361","161","158","562","492","280","505","949","1,630","104"
"54057","West Virginia","Mineral","643","120","71","87","184","181","138","215","290","597","46"
"54059","West Virginia","Mingo","341","48","35","33","117","108","47","100","194","331","10"
"54061","West Virginia","Monongalia","1,486","263","165","170","507","381","550","444","492","1,359","127"
"54063","West Virginia","Monroe","434","91","45","55","135","108","70","128","236","405","28"
"54065","West Virginia","Morgan","531","106","45","69","159","152","122","191","218","482","49"
"54067","West Virginia","Nicholas","851","176","102","87","270","216","136","250","465","798","53"
"54069","West Virginia","Ohio","655","187","88","78","173","129","121","215","319","613","42"
"54071","West Virginia","Pendleton","155","32","14","22","42","45","31","51","73","136","19"
"54073","West Virginia","Pleasants","149","28",,,"43","44","26","54","69","139","10"
"54075","West Virginia","Pocahontas","224","49","37","34","55","49","24","61","139","209","15"
"54077","West Virginia","Preston","787","134","80","97","263","213","156","292","339","726","61"
"54079","West Virginia","Putnam","1,319","240","130","156","397","396","303","486","530","1,213","106"
"54081","West Virginia","Raleigh","2,516","516","234","251","801","714","428","857","1,231","2,362","154"
"54083","West Virginia","Randolph","609","117","62","61","198","171","102","207","300","563","46"
"54085","West Virginia","Ritchie","252","43","23","15","81","90","41","101","110","236","16"
"54087","West Virginia","Roane","337","62","27","41","117","90","56","117","164","307","30"
"54089","West Virginia","Summers","427","95","32","54","120","126","47","137","243","405","22"
"54091","West Virginia","Taylor","445","78","46","49","160","112","92","160","193","394","51"
"54093","West Virginia","Tucker","157","38","13","20","47","39","20","60","77","147","10"
"54095","West Virginia","Tyler","176","35","12","16","64","49","36","58","82",,
"54097","West Virginia","Upshur","602","139","50","80","176","157","82","207","313","559","43"
"54099","West Virginia","Wayne","932","184","93","119","285","251","176","313","443","874","58"
"54101","West Virginia","Webster","216","50","23","23","68","52","24","50","142",,
"54103","West Virginia","Wetzel","295","69","31","31","92","72","35","96","164","274","21"
"54105","West Virginia","Wirt","149","31","21","12","48","37","23","60","66","139","10"
"54107","West Virginia","Wood","1,920","400","176","203","632","509","449","665","806","1,764","156"
"54109","West Virginia","Wyoming","396","79","48","36","122","111","39","117","240","380","16"
"55001","Wisconsin","Adams","669","166","72","94","166","171","100","179","390","624","45"
"55003","Wisconsin","Ashland","349","100","41","43","84","81","78","103","168","321","28"
"55005","Wisconsin","Barron","1,093","376","126","149","259","183","210","276","607","999","92"
"55007","Wisconsin","Bayfield","530","172","62","54","128","114","68","127","335","495","35"
"55009","Wisconsin","Brown","4,325","1,008","619","586","1,275","837","1,339","1,262","1,724","3,852","473"
"55011","Wisconsin","Buffalo","374","101","40","37","96","100","63","92","219","344","30"
"55013","Wisconsin","Burnett","662","221","70","87","158","126","78","161","423","621","40"
"55015","Wisconsin","Calumet","799","185","110","119","218","167","254","246","299","690","109"
"55017","Wisconsin","Chippewa","1,515","434","175","193","402","311","333","451","731","1,406","106"
"55019","Wisconsin","Clark","542","175","79","63","122","103","96","128","318","499","43"
"55021","Wisconsin","Columbia","1,202","348","145","157","307","245","308","361","533","1,067","135"
"55023","Wisconsin","Crawford","342","88","44","44","104","62","64","101","177","314","28"
"55025","Wisconsin","Dane","6,131","1,551","879","816","1,587","1,298","1,898","1,797","2,436","5,366","763"
"55027","Wisconsin","Dodge","1,370","358","198","182","347","285","429","373","568","1,226","144"
"55029","Wisconsin","Door","494","139","80","55","120","100","89","103","302","459","34"
"55031","Wisconsin","Douglas","1,294","373","166","156","315","284","274","365","655","1,182","110"
"55033","Wisconsin","Dunn","1,014","284","131","130","265","204","243","284","487","929","84"
"55035","Wisconsin","Eau Claire","1,760","464","232","236","460","368","464","496","800","1,593","166"
"55037","Wisconsin","Florence","203","58","29","20","64","32","29","51","123","188","14"
"55039","Wisconsin","Fond Du Lac","1,453","381","215","209","382","266","426","410","617","1,292","160"
"55041","Wisconsin","Forest","313","86","38","30","95","64","39","92","182","293","20"
"55043","Wisconsin","Grant","883","256","147","129","226","125","200","219","464","803","80"
"55045","Wisconsin","Green","640","202","81","70","166","121","160","169","311","587","52"
"55047","Wisconsin","Green Lake","317","70","50","43","74","80","65","87","165","284","33"
"55049","Wisconsin","Iowa","313","73","58","37","80","65","91","82","140","287","26"
"55051","Wisconsin","Iron","156","37","25","24","39","31","20","44","92","145","11"
"55053","Wisconsin","Jackson","652","175","74","85","180","138","122","227","303","582","70"
"55055","Wisconsin","Jefferson","1,424","377","212","194","399","242","393","427","604","1,283","141"
"55057","Wisconsin","Juneau","711","169","93","117","189","143","175","240","296","631","80"
"55059","Wisconsin","Kenosha","2,926","545","341","379","905","756","882","1,070","974","2,561","365"
"55061","Wisconsin","Kewaunee","390","113","43","50","113","71","102","109","179","356","34"
"55063","Wisconsin","La Crosse","2,624","735","374","346","695","474","660","732","1,232","2,363","260"
"55065","Wisconsin","Lafayette","229","69","28","33","57","42","54","60","115","209","20"
"55067","Wisconsin","Langlade","532","129","81","71","144","107","93","122","317","496","36"
"55069","Wisconsin","Lincoln","702","160","86","92","180","184","124","222","356","644","58"
"55071","Wisconsin","Manitowoc","1,373","318","235","187","380","253","398","388","587","1,212","161"
"55073","Wisconsin","Marathon","2,222","571","323","303","588","437","628","641","953","2,008","214"
"55075","Wisconsin","Marinette","1,329","298","162","182","399","288","259","403","667","1,211","118"
"55077","Wisconsin","Marquette","440","112","66","61","115","86","74","139","227","401","39"
"55078","Wisconsin","Menominee","49","12",,,"15",,"18","13","18",,
"55079","Wisconsin","Milwaukee","9,457","2,060","1,219","1,203","2,933","2,042","2,873","2,818","3,766","8,180","1,276"
"55081","Wisconsin","Monroe","2,378","537","271","296","671","603","506","927","945","2,084","294"
"55083","Wisconsin","Oconto","1,061","268","152","146","296","199","237","269","555","969","92"
"55085","Wisconsin","Oneida","933","184","102","128","282","237","186","266","481","848","84"
"55087","Wisconsin","Outagamie","3,063","740","453","415","865","590","1,017","912","1,134","2,765","298"
"55089","Wisconsin","Ozaukee","1,080","268","138","136","303","235","314","307","459","964","116"
"55091","Wisconsin","Pepin","179","60","19","27","47","26","27","46","106","161","18"
"55093","Wisconsin","Pierce","854","280","131","99","224","120","210","236","408","766","87"
"55095","Wisconsin","Polk","1,217","435","187","135","259","201","238","299","680","1,120","97"
"55097","Wisconsin","Portage","1,352","452","171","159","348","222","327","369","656","1,241","111"
"55099","Wisconsin","Price","486","153","58","65","116","94","67","162","257","451","35"
"55101","Wisconsin","Racine","3,190","752","406","430","970","632","926","996","1,268","2,844","345"
"55103","Wisconsin","Richland","310","89","35","38","78","70","72","77","161","269","41"
"55105","Wisconsin","Rock","2,710","675","366","383","756","530","750","773","1,187","2,447","263"
"55107","Wisconsin","Rusk","462","186","60","50","96","70","60","122","280","428","32"
"55109","Wisconsin","St. Croix","2,189","688","302","295","511","393","593","642","954","1,999","187"
"55111","Wisconsin","Sauk","1,461","427","169","151","339","375","287","388","786","1,324","137"
"55113","Wisconsin","Sawyer","542","182","67","77","123","93","81","119","342","503","39"
"55115","Wisconsin","Shawano","789","185","94","123","243","144","175","223","391","708","81"
"55117","Wisconsin","Sheboygan","1,453","360","204","194","418","277","438","398","617","1,302","150"
"55119","Wisconsin","Taylor","381","117","46","54","98","66","63","105","213","356","25"
"55121","Wisconsin","Trempealeau","576","180","75","80","135","106","116","157","303","540","36"
"55123","Wisconsin","Vernon","654","159","94","91","157","153","105","200","349","615","38"
"55125","Wisconsin","Vilas","744","180","86","92","203","183","100","182","462","677","67"
"55127","Wisconsin","Walworth","1,428","372","197","194","393","272","419","373","636","1,302","126"
"55129","Wisconsin","Washburn","606","194","72","71","137","132","82","164","360","561","44"
"55131","Wisconsin","Washington","1,945","433","285","259","548","420","634","547","764","1,707","236"
"55133","Wisconsin","Waukesha","4,881","1,090","729","646","1,392","1,024","1,507","1,339","2,035","4,406","473"
"55135","Wisconsin","Waupaca","1,237","288","149","156","359","285","260","338","639","1,134","103"
"55137","Wisconsin","Waushara","692","203","93","105","155","136","109","184","399","635","57"
"55139","Wisconsin","Winnebago","3,000","731","410","399","872","588","980","906","1,114","2,699","301"
"55141","Wisconsin","Wood","1,548","435","215","221","389","288","350","418","780","1,423","125"
"56001","Wyoming","Albany","842","229","110","100","208","195","321","241","280","753","89"
"56003","Wyoming","Big Horn","287","80","32","27","80","68","49","105","133","262","25"
"56005","Wyoming","Campbell","1,037","229","128","151","326","203","327","362","348","939","98"
"56007","Wyoming","Carbon","353","94","53","47","87","72","89","101","163","324","29"
"56009","Wyoming","Converse","352","85","46","63","86","72","85","99","168","332","20"
"56011","Wyoming","Crook","236","59","33","41","53","50","46","72","118","206","30"
"56013","Wyoming","Fremont","825","208","105","105","208","199","189","256","380","751","74"
"56015","Wyoming","Goshen","384","103","57","43","90","91","78","113","193","351","33"
"56017","Wyoming","Hot Springs","132","37","18","17","29","31","19","40","73","122","10"
"56019","Wyoming","Johnson","255","58","34","32","69","62","43","78","134","231","24"
"56021","Wyoming","Laramie","5,769","1,260","672","771","1,647","1,419","1,556","2,242","1,971","4,996","773"
"56023","Wyoming","Lincoln","340","86","44","44","87","79","80","100","160","312","28"
"56025","Wyoming","Natrona","1,808","405","219","231","496","457","570","560","678","1,642","166"
"56027","Wyoming","Niobrara","53","12",,,"13","16",,,"30",,
"56029","Wyoming","Park","839","174","91","120","233","221","204","285","350","761","78"
"56031","Wyoming","Platte","329","78","38","44","87","82","59","106","164","306","23"
"56033","Wyoming","Sheridan","1,138","251","131","122","340","294","280","393","465","1,003","135"
"56035","Wyoming","Sublette","225","65","25","26","60","49","53","74","98","204","21"
"56037","Wyoming","Sweetwater","880","224","113","116","237","190","231","294","355","793","87"
"56039","Wyoming","Teton","139","41","18","21","36","23","51","34","54","123","16"
"56041","Wyoming","Uinta","360","84","49","48","109","70","94","108","158","326","34"
"56043","Wyoming","Washakie","149","44","14","15","40","36","35","42","72","136","13"
"56045","Wyoming","Weston","280","92","31","37","70","50","41","84","155","261","19"
"72000","Puerto Rico","Puerto Rico all counties","36,399","4,167","2,334","3,129","11,619","15,150","8,176","10,893","17,330","33,612","2,781"
"88888","US Territories (excluding Puerto Rico)","US Territories (excluding Puerto Rico)","7,699","1,208","711","844","2,479","2,457","2,102","3,206","2,391","6,629","1,068"
"00000","Other Foreign Countries","Other Foreign Countries","38,497","4,250","3,435","4,080","12,132","14,600","13,130","16,929","8,438","33,822","4,662"
"Unknown","Unknown","Unknown","229","150",,,"23","27","21","31","177","213","14"
